tree
version=v4
num_class=1
num_tree_per_iteration=1
label_index=0
max_feature_idx=20
objective=lambdarank
feature_names=Column_0 Column_1 Column_2 Column_3 Column_4 Column_5 Column_6 Column_7 Column_8 Column_9 Column_10 Column_11 Column_12 Column_13 Column_14 Column_15 Column_16 Column_17 Column_18 Column_19 Column_20
feature_infos=none [1:5] [0:1] [0:1] [0:303] [0:93] [0:38] [0:105] [0:39] [0:237] [-1:1] [0:1] [-1:1] [0:437] [0:1] [-0.89565050601959229:0.96620100736618042] [0:6] none [0:23] [0:6] [-0.0099999997764825821:0.80000001192092896]
tree_sizes=470 1369 2037 1245 1364 1135 1472 918 1462 916 911 1358 811 1149 698 1037 916 1142 1583 800 1030 1141 803 2021 1363 804 1480 1140 919 811 1027 911 1032 1254 804 812 1139 2049 1372 1269 818 592 1818 817 2024 1036 1482 1257 3637 2508 1828 1491 1611 1255 1694 1354 2080 2188 1039 2195 1700 3683 2507 2164 1510 2294 1268 1038 817 2414 1817 2666 1032 936 1269 1042 1607 598 596 1156

Tree=0
num_leaves=3
num_cat=0
split_feature=1 10
split_gain=84751.8 7.27596e-12
threshold=1.5000000000000002 0.50449448823928844
decision_type=2 2
left_child=-1 -2
right_child=1 -3
leaf_value=0.10000000000000001 -0.10000000000000001 -0.10000000000000001
leaf_weight=10593.978062152863 3192.5184236466885 7401.460030823946
leaf_count=26328 31736 73576
internal_value=-1.85161e-09 -0.1
internal_weight=21188 10594
internal_count=131640 105312
is_linear=0
shrinkage=0.05


Tree=1
num_leaves=11
num_cat=0
split_feature=1 1 1 1 4 14 14 14 14 14
split_gain=157640 2.76486e-10 1.30967e-10 3.63798e-11 1.45519e-11 3.63798e-12 1.81899e-12 1.81899e-12 4.54747e-13 2.84217e-14
threshold=1.5000000000000002 4.5000000000000009 2.5000000000000004 3.5000000000000004 208.50000000000003 0.90000000596046459 0.63398513197898876 0.2212806046009064 0.61735454201698314 0.90000000596046459
decision_type=2 2 2 2 2 2 2 2 2 2
left_child=4 2 6 -4 -1 -5 7 -2 -9 -8
right_child=1 -3 3 5 -6 -7 9 8 -10 -11
leaf_value=0.090937121526938558 -0.090937128372979958 -0.090937124298396538 -0.090937135797518498 -0.090937140950489895 0.090937121526938558 -0.090937140950489895 -0.090937128372979958 -0.090937128372979958 -0.090937128372979958 -0.090937128372979958
leaf_weight=23800.335996747017 3203.9569361805916 7121.6283874511719 5807.4376072883606 6562.3877949714661 28.056828379631042 50.232607126235962 25.88825860619545 1017.1317705214024 7.4896848797798148 32.238208830356598
leaf_count=26297 19678 26328 26328 26128 31 200 159 6247 46 198
internal_value=-2.46964e-09 -0.0909371 -0.0909371 -0.0909371 0.0909371 -0.0909371 -0.0909371 -0.0909371 -0.0909371 -0.0909371
internal_weight=47656.8 23828.4 16706.8 12420.1 23828.4 6612.62 4286.7 4228.58 1024.62 58.1265
internal_count=131640 105312 78984 52656 26328 26328 26328 25971 6293 357
is_linear=0
shrinkage=0.05


Tree=2
num_leaves=17
num_cat=0
split_feature=1 1 1 1 11 14 14 11 11 15 14 15 14 11 15 15
split_gain=105949 1.01863e-10 6.18456e-11 1.45519e-11 1.45519e-11 3.63798e-12 3.63798e-12 1.81899e-12 1.81899e-12 1.81899e-12 1.13687e-13 1.13687e-13 1.42109e-14 7.10543e-15 7.10543e-15 3.55271e-15
threshold=1.5000000000000002 3.5000000000000004 4.5000000000000009 2.5000000000000004 0.216247133910656 0.45534290373325353 0.49346974492073065 0.74485126137733471 0.63501143455505382 0.37513449788093572 0.67243370413780224 0.62383851408958446 0.90000000596046459 0.77688786387443554 0.73550873994827282 0.77947899699211132
decision_type=2 2 2 2 2 2 2 2 2 2 2 2 2 2 2 2
left_child=4 3 7 5 -1 -2 -5 9 -4 -3 -7 -8 -12 -10 -13 -16
right_child=1 2 8 6 -6 10 11 -9 13 -11 12 14 -14 -15 15 -17
leaf_value=0.084129834261093925 -0.084129831240790709 -0.084129844020296315 -0.08412983545341654 -0.084129835583621568 0.084129834261093925 -0.084129831240790709 -0.084129835583621568 -0.084129844020296315 -0.084129835453416513 -0.084129844020296315 -0.084129831240790709 -0.084129835583621526 -0.084129831240790709 -0.08412983545341654 -0.084129835583621582 -0.08412983558362154
leaf_weight=6854.7742742300034 4300.3622363805771 3571.2536386102438 3349.3056598305702 4953.0013474524021 11856.733977913857 218.24853658676147 218.33203884959221 10.832923069596289 11.634860858321192 2010.250665307045 7.4481643438339225 12.228172004222872 34.296198606491089 5.2420801669359198 4.1418001949787122 4.9307145178318024
leaf_count=9645 24827 16813 26196 25113 16683 1260 1107 51 91 9464 43 62 198 41 21 25
internal_value=-3.145e-09 -0.0841298 -0.0841298 -0.0841298 0.0841298 -0.0841298 -0.0841298 -0.0841298 -0.0841298 -0.0841298 -0.0841298 -0.0841298 -0.0841298 -0.0841298 -0.0841298 -0.0841298
internal_weight=37423 18711.5 8958.52 9752.99 18711.5 4560.36 5192.63 5592.34 3366.18 5581.5 259.993 239.633 41.7444 16.8769 21.3007 9.07251
internal_count=131640 105312 52656 52656 26328 26328 26328 26328 26328 26277 1501 1215 241 132 108 46
is_linear=0
shrinkage=0.05


Tree=3
num_leaves=10
num_cat=0
split_feature=1 1 4 4 1 1 4 4 4
split_gain=78034.7 3.63798e-11 7.27596e-12 7.27596e-12 3.63798e-12 3.63798e-12 1.81899e-12 1.81899e-12 9.09495e-13
threshold=1.5000000000000002 2.5000000000000004 247.00000000000003 151.50000000000003 4.5000000000000009 3.5000000000000004 239.50000000000003 198.00000000000003 225.50000000000003
decision_type=2 2 2 2 2 2 2 2 2
left_child=2 8 3 -1 5 -3 -6 -7 -2
right_child=1 4 -4 -5 6 7 -8 -9 -10
leaf_value=0.078843820771392875 -0.07884382676371976 -0.078843832709236214 0.078843820771392875 0.078843820771392875 -0.078843831667602768 -0.078843833712317485 -0.078843831667602768 -0.078843833712317485 -0.07884382676371976
leaf_weight=15653.288056850433 2819.8713436722755 4354.5315016508102 11.919957399368284 26.223906278610229 3821.1081974208355 4683.6656106114388 3.1956352293491355 6.0563105940818778 3.0021443963050833
leaf_count=26264 26300 26328 20 44 26306 26294 22 34 28
internal_value=-2.5002e-09 -0.0788438 0.0788438 0.0788438 -0.0788438 -0.0788438 -0.0788438 -0.0788438 -0.0788438
internal_weight=31382.9 15691.4 15691.4 15679.5 12868.6 9044.25 3824.3 4689.72 2822.87
internal_count=131640 105312 26328 26308 78984 52656 26328 26328 26328
is_linear=0
shrinkage=0.05


Tree=4
num_leaves=11
num_cat=0
split_feature=1 1 1 11 11 11 11 11 11 11
split_gain=60107.7 6.91216e-11 2.18279e-11 1.81899e-12 1.81899e-12 1.81899e-12 2.84217e-14 2.84217e-14 2.84217e-14 3.55271e-15
threshold=1.5000000000000002 4.5000000000000009 3.5000000000000004 0.49313502013683325 0.34782607853412634 0.74485126137733471 0.8615560531616212 0.69221967458724987 0.54919907450675975 0.77688786387443554
decision_type=2 2 2 2 2 2 2 2 2 2
left_child=-1 2 3 -2 -3 -4 -5 8 -6 -9
right_child=1 4 5 6 7 -7 -8 9 -10 -11
leaf_value=0.074635931154929572 -0.074635929808099036 -0.074635923503268919 -0.074635934589780809 -0.074635929807333537 -0.074635923503268919 -0.074635934589780809 -0.074635929817120319 -0.074635923503268933 -0.074635923503268919 -0.074635923503268906
leaf_weight=13487.899121761322 6101.2486620545387 3179.5083851367235 4023.3403187692165 65.478602066636086 87.026009991765022 7.8087436258792868 2.7619759291410437 4.8694611042737943 10.737786024808882 5.119177058339119
leaf_count=26328 52074 25465 26277 558 697 51 24 39 86 41
internal_value=7.27166e-10 -0.0746359 -0.0746359 -0.0746359 -0.0746359 -0.0746359 -0.0746359 -0.0746359 -0.0746359 -0.0746359
internal_weight=26975.8 13487.9 10200.6 6169.49 3287.26 4031.15 68.2406 107.752 97.7638 9.98864
internal_count=131640 105312 78984 52656 26328 26328 582 863 783 80
is_linear=0
shrinkage=0.05


Tree=5
num_leaves=9
num_cat=0
split_feature=1 1 1 4 4 4 4 20
split_gain=47588.9 8.73115e-11 6.18456e-11 3.63798e-12 1.81899e-12 9.09495e-13 9.09495e-13 1.77636e-15
threshold=1.5000000000000002 3.5000000000000004 4.5000000000000009 247.00000000000003 234.00000000000003 239.50000000000003 171.00000000000003 0.72500002384185802
decision_type=2 2 2 2 2 2 2 2
left_child=3 4 5 -1 -2 6 -3 -6
right_child=1 2 -4 -5 7 -7 -8 -9
leaf_value=0.071220253829881494 -0.071220245194203932 -0.071220257809490151 -0.071220247022029157 0.071220253829881494 -0.071220245164245202 -0.071220257809490151 -0.071220257809490151 -0.071220245213325858
leaf_weight=11718.682413339615 6106.7291672378778 3498.9191101193428 2109.7825824022293 8.9088356494903547 2.3518774509429923 2.9288570284843436 3.1951167583465567 3.6847341507673264
leaf_count=26308 52604 26282 26328 20 20 22 24 32
internal_value=1.67263e-09 -0.0712202 -0.0712203 0.0712203 -0.0712202 -0.0712203 -0.0712203 -0.0712202
internal_weight=23455.2 11727.6 5614.83 11727.6 6112.77 3505.04 3502.11 6.03661
internal_count=131640 105312 52656 26328 52656 26328 26306 52
is_linear=0
shrinkage=0.05


Tree=6
num_leaves=12
num_cat=0
split_feature=1 1 1 11 11 11 11 11 15 11 15
split_gain=38391.8 7.27596e-12 5.45697e-12 3.63798e-12 1.81899e-12 9.09495e-13 4.54747e-13 4.54747e-13 5.68434e-14 7.10543e-15 3.55271e-15
threshold=1.5000000000000002 4.5000000000000009 2.5000000000000004 0.8615560531616212 0.20938215404748919 0.79061785340309154 0.81693363189697277 0.45194508135318762 0.55630299448966991 0.54118990898132335 1.0000000180025095e-35
decision_type=2 2 2 2 2 2 2 2 2 2 2
left_child=3 2 6 -1 -4 -3 7 -2 -5 10 -9
right_child=1 5 4 8 -6 -7 -8 9 -10 -11 -12
leaf_value=0.068403203133516818 -0.068403198892311667 -0.068403198291415362 -0.068403201965483662 0.068403203133516818 -0.06840320196271503 -0.068403198291415362 -0.068403198892311667 -0.068403198892311515 0.068403203133516818 -0.068403198892311667 -0.068403198892311667
leaf_weight=10057.745079696178 1815.5460650920868 2497.2192500382662 5350.5041512772441 186.99038028717041 561.11010564118624 2.4685461372137061 1.5418055057525624 1.5418055057525659 11.686898767948149 13.806167483329771 12.684854388236998
leaf_count=25818 25906 26302 47659 480 4997 26 22 22 30 197 181
internal_value=0 -0.0684032 -0.0684032 0.0684032 -0.0684032 -0.0684032 -0.0684032 -0.0684032 0.0684032 -0.0684032 -0.0684032
internal_weight=20512.8 10256.4 7756.73 10256.4 5911.61 2499.69 1845.12 1843.58 198.677 28.0328 14.2267
internal_count=131640 105312 78984 26328 52656 26328 26328 26306 510 400 203
is_linear=0
shrinkage=0.05


Tree=7
num_leaves=7
num_cat=0
split_feature=1 1 1 4 4 4
split_gain=31400.8 1.63709e-11 1.27329e-11 1.81899e-12 9.09495e-13 4.54747e-13
threshold=1.5000000000000002 2.5000000000000004 3.5000000000000004 247.00000000000003 193.00000000000003 243.50000000000003
decision_type=2 2 2 2 2 2
left_child=3 5 4 -1 -3 -2
right_child=1 2 -4 -5 -6 -7
leaf_value=0.066050179931027603 -0.066050181866326024 -0.066050174373704182 -0.066050178386229813 0.066050179931027603 -0.066050174373704182 -0.066050181866326024
leaf_weight=8990.2798452377319 2191.0209341347218 2493.3766999840736 4307.5539004504681 6.8346357345581046 3.4140256047248831 1.7490188777446736
leaf_count=26308 26307 26292 52656 20 36 21
internal_value=5.45061e-10 -0.0660502 -0.0660502 0.0660502 -0.0660502 -0.0660502
internal_weight=17994.2 8997.11 6804.34 8997.11 2496.79 2192.77
internal_count=131640 105312 78984 26328 26328 26328
is_linear=0
shrinkage=0.05


Tree=8
num_leaves=12
num_cat=0
split_feature=1 1 1 1 11 11 11 11 11 11 15
split_gain=25954.2 3.63798e-11 9.09495e-12 3.63798e-12 1.81899e-12 9.09495e-13 4.54747e-13 4.54747e-13 4.54747e-13 1.13687e-13 2.84217e-14
threshold=1.5000000000000002 3.5000000000000004 2.5000000000000004 4.5000000000000009 0.75858122110366832 0.11556063964962961 0.77688786387443554 0.7299771010875703 0.75858122110366832 0.93478259444236766 0.56634673476219188
decision_type=2 2 2 2 2 2 2 2 2 2 2
left_child=4 2 6 7 -1 -4 -2 -3 -5 -6 -11
right_child=1 3 5 8 9 -7 -8 -9 -10 10 -12
leaf_value=0.06406358130886837 -0.064063581174835765 -0.064063578334180235 -0.06406358603088147 -0.064063574729867678 0.06406358130886837 -0.06406358603088147 -0.064063581174835765 -0.064063578334180235 -0.064063574729867678 0.06406358130886837 0.06406358130886837
leaf_weight=7356.9365080595016 1923.6458964347839 2357.0716282725334 1752.7492835819721 1419.81301061064 460.87815940380096 440.9369275867939 2.9270327091217032 5.4738405346870413 2.2685896083712569 80.466023921966553 6.6054198741912833
leaf_count=24503 26288 26267 21036 26286 1535 5292 40 61 42 268 22
internal_value=0 -0.0640636 -0.0640636 -0.0640636 0.0640636 -0.0640636 -0.0640636 -0.0640636 -0.0640636 0.0640636 0.0640636
internal_weight=15809.8 7904.89 4120.26 3784.63 7904.89 2193.69 1926.57 2362.55 1422.08 547.95 87.0714
internal_count=131640 105312 52656 52656 26328 26328 26328 26328 26328 1825 290
is_linear=0
shrinkage=0.05


Tree=9
num_leaves=7
num_cat=0
split_feature=1 1 1 1 4 4
split_gain=21633 1.81899e-12 5.45697e-12 7.27596e-12 1.81899e-12 1.81899e-12
threshold=1.5000000000000002 4.5000000000000009 2.5000000000000004 3.5000000000000004 247.00000000000003 169.00000000000003
decision_type=2 2 2 2 2 2
left_child=4 2 -2 -4 5 -1
right_child=1 -3 3 -5 -6 -7
leaf_value=0.062372318877029237 -0.062372328521201614 -0.062372329297017873 -0.062372323135726097 -0.062372327312687395 0.062372318877029237 0.062372318877029237
leaf_weight=6938.5113545656204 1694.0728633403778 1250.4637601673603 1928.950767159462 2077.432058930397 5.2802491188049308 7.1283363103866568
leaf_count=26281 26328 26328 26328 26328 20 27
internal_value=-1.76379e-09 -0.0623723 -0.0623723 -0.0623723 0.0623723 0.0623723
internal_weight=13901.8 6950.92 5700.46 4006.38 6950.92 6945.64
internal_count=131640 105312 78984 52656 26328 26308
is_linear=0
shrinkage=0.05


Tree=10
num_leaves=7
num_cat=0
split_feature=1 1 11 11 11 15
split_gain=18154.5 5.45697e-12 1.81899e-12 9.09495e-13 7.10543e-15 3.55271e-15
threshold=1.5000000000000002 3.5000000000000004 0.75858122110366832 0.52059495449066173 0.63501143455505382 0.11098974943161012
decision_type=2 2 2 2 2 2
left_child=2 3 -1 -2 -5 -6
right_child=1 -3 -4 4 5 -7
leaf_value=0.060921370052127215 -0.060921371753964199 -0.060921374322733701 0.060921370052127215 -0.060921371756710842 -0.060921371745607591 -0.060921371745555244
leaf_weight=5690.5662864744663 3154.7980164624751 2927.3963581323624 423.8372229039669 13.331205442547796 4.4631582759320763 14.414476826786993
leaf_count=24503 52123 52656 1825 220 74 239
internal_value=0 -0.0609214 0.0609214 -0.0609214 -0.0609214 -0.0609214
internal_weight=12228.8 6114.4 6114.4 3187.01 32.2088 18.8776
internal_count=131640 105312 26328 52656 533 313
is_linear=0
shrinkage=0.05


Tree=11
num_leaves=11
num_cat=0
split_feature=1 1 1 1 11 11 11 15 11 12
split_gain=15322.1 7.27596e-12 9.09495e-13 1.36424e-12 9.09495e-13 2.27374e-13 1.13687e-13 2.84217e-14 7.10543e-15 4.44089e-16
threshold=1.5000000000000002 2.5000000000000004 3.5000000000000004 4.5000000000000009 0.7299771010875703 0.36498856544494634 0.84668192267417919 0.56634673476219188 0.75858122110366832 0.78734681010246288
decision_type=2 2 2 2 2 2 2 2 2 2
left_child=4 5 -3 -4 -1 -2 -6 -8 -7 -10
right_child=1 2 3 -5 6 8 7 -9 9 -11
leaf_value=0.059668661600071116 -0.05966866600565645 -0.059668660630747376 -0.059668663324872098 -0.059668661288555538 0.059668661600071116 -0.05966866600565645 0.059668661600071116 0.059668661600071116 -0.059668666005656415 -0.059668666005656401
leaf_weight=4885.3695501387119 1270.135356143117 1492.8445452153683 1607.7564802765846 967.7531004846096 349.39280346035957 38.49347723275423 137.7138886153698 6.9469914138317099 1.0457477644085877 1.3943303525447843
leaf_count=23910 25506 26328 26328 26328 1710 773 674 34 21 28
internal_value=4.55808e-10 -0.0596687 -0.0596687 -0.0596687 0.0596687 -0.0596687 0.0596687 0.0596687 -0.0596687 -0.0596687
internal_weight=10758.8 5379.42 4068.35 2575.51 5379.42 1311.07 494.054 144.661 40.9336 2.44008
internal_count=131640 105312 78984 52656 26328 26328 2418 708 822 49
is_linear=0
shrinkage=0.05


Tree=12
num_leaves=6
num_cat=0
split_feature=1 1 1 1 4
split_gain=12993.8 2.36469e-11 5.45697e-12 4.54747e-13 2.27374e-13
threshold=1.5000000000000002 2.5000000000000004 4.5000000000000009 3.5000000000000004 234.00000000000003
decision_type=2 2 2 2 2
left_child=-1 4 3 -3 -2
right_child=1 2 -4 -5 -6
leaf_value=0.058580886249400194 -0.058580895912799497 -0.058580885946594399 -0.05858089144534312 -0.058580887113174433 -0.058580895912799497
leaf_weight=4732.9690707921982 1152.3764206692576 1313.4470437467098 851.45657792687416 1414.549687474966 1.1391448155045498
leaf_count=26328 26302 26328 26328 26328 26
internal_value=-5.18065e-10 -0.0585809 -0.0585809 -0.0585809 -0.0585809
internal_weight=9465.94 4732.97 3579.45 2728 1153.52
internal_count=131640 105312 78984 52656 26328
is_linear=0
shrinkage=0.05


Tree=13
num_leaves=9
num_cat=0
split_feature=1 1 1 11 11 11 11 11
split_gain=11065.3 1.36424e-11 8.18545e-12 4.54747e-13 2.27374e-13 1.13687e-13 2.84217e-14 1.77636e-15
threshold=1.5000000000000002 2.5000000000000004 4.5000000000000009 0.68535470962524425 0.19107551127672198 0.79061785340309154 0.75858122110366832 0.79061785340309154
decision_type=2 2 2 2 2 2 2 2
left_child=-1 4 3 -3 -2 -4 -6 -5
right_child=1 2 5 7 6 -7 -8 -9
leaf_value=0.057632217217078119 -0.057632213599016047 -0.057632221500680952 -0.057632215649382014 -0.057632221542721157 -0.057632213599016047 -0.057632215649382014 -0.057632213599016047 -0.057632221461156319
leaf_weight=4164.3099528551102 1025.5368130803108 2251.359329149127 748.41553215309978 5.7275448180735093 127.95068524777889 0.73982221260666747 2.1508005410432807 2.4291804544627666
leaf_count=26328 23364 52465 26302 135 2915 26 49 56
internal_value=1.17762e-09 -0.0576322 -0.0576322 -0.0576322 -0.0576322 -0.0576322 -0.0576322 -0.0576322
internal_weight=8328.62 4164.31 3008.67 2259.52 1155.64 749.155 130.101 8.15673
internal_count=131640 105312 78984 52656 26328 26328 2964 191
is_linear=0
shrinkage=0.05


Tree=14
num_leaves=5
num_cat=0
split_feature=1 1 1 4
split_gain=9457.39 3.63798e-12 9.09495e-13 9.09495e-13
threshold=1.5000000000000002 3.5000000000000004 4.5000000000000009 239.50000000000003
decision_type=2 2 2 2
left_child=3 -2 -3 -1
right_child=1 2 -4 -5
leaf_value=0.056801394201278201 -0.056801390024555046 -0.056801393998473129 -0.056801391760201103 0.056801394201278201
leaf_weight=3661.0061756670475 1909.8199794888496 1095.0856200456619 659.16231626272202 3.06174013018608
leaf_count=26306 52656 26328 26328 22
internal_value=1.3384e-09 -0.0568014 -0.0568014 0.0568014
internal_weight=7328.14 3664.07 1754.25 3664.07
internal_count=131640 105312 52656 26328
is_linear=0
shrinkage=0.05


Tree=15
num_leaves=8
num_cat=0
split_feature=1 1 1 14 4 4 4
split_gain=8109.12 8.18545e-12 5.00222e-12 4.54747e-13 2.27374e-13 2.27374e-13 5.68434e-14
threshold=1.5000000000000002 2.5000000000000004 3.5000000000000004 0.13367697596549991 38.500000000000007 247.00000000000003 236.50000000000003
decision_type=2 2 2 2 2 2 2
left_child=-1 4 5 -4 -2 -3 -6
right_child=1 2 3 -5 6 -7 -8
leaf_value=0.056071129772537101 -0.056071133462147198 -0.056071124529698417 -0.056071129345499106 -0.056071129343510245 -0.056071133462147198 -0.056071124529698417 -0.056071133462147198
leaf_weight=3224.0758844017982 562.19755008816719 894.03416255116463 962.57797738537192 581.01473513618112 222.85550281405449 0.6796671450138082 0.71628928184509177
leaf_count=26328 18837 26308 32805 19851 7467 20 24
internal_value=3.80262e-10 -0.0560711 -0.0560711 -0.0560711 -0.0560711 -0.0560711 -0.0560711
internal_weight=6448.15 3224.08 2438.31 1543.59 785.769 894.714 223.572
internal_count=131640 105312 78984 52656 26328 26328 7491
is_linear=0
shrinkage=0.05


Tree=16
num_leaves=7
num_cat=0
split_feature=1 1 11 11 12 15
split_gain=6972.77 2.27374e-12 4.54747e-13 2.27374e-13 8.88178e-16 8.88178e-16
threshold=1.5000000000000002 4.5000000000000009 0.84668192267417919 0.49885584414005285 0.614568591117859 0.46902224421501165
decision_type=2 2 2 2 2 2
left_child=2 -2 -1 -3 -5 -6
right_child=1 3 -4 4 5 -7
leaf_value=0.055427032269042331 -0.05542703325898421 -0.055427036843091387 0.055427032269042331 -0.055427036843091387 -0.055427036843091373 -0.055427036843091276
leaf_weight=2760.7880325615406 2326.6932640224695 505.69690372794867 76.293439775705338 0.52341548725962539 3.7026799283921719 0.46525821089744557
leaf_count=25620 78984 26086 708 27 191 24
internal_value=-1.2964e-09 -0.055427 0.055427 -0.055427 -0.055427 -0.055427
internal_weight=5674.16 2837.08 2837.08 510.388 4.69135 4.16794
internal_count=131640 105312 26328 26328 242 215
is_linear=0
shrinkage=0.05


Tree=17
num_leaves=9
num_cat=0
split_feature=1 1 11 11 11 15 11 11
split_gain=6011.06 4.54747e-13 4.54747e-13 4.54747e-13 1.13687e-13 1.13687e-13 1.77636e-15 8.88178e-16
threshold=1.5000000000000002 4.5000000000000009 0.63501143455505382 0.69221967458724987 0.75858122110366832 0.77006497979164135 0.8615560531616212 0.70251718163490307
decision_type=2 2 2 2 2 2 2 2
left_child=2 3 -1 -2 -3 -4 7 -5
right_child=1 4 5 6 -6 -7 -8 -9
leaf_value=0.054857521374484623 -0.054857520721380261 -0.054857518893035188 0.054857521374484623 -0.054857520724669942 -0.054857518893035188 0.054857521374484623 -0.054857520720046737 -0.054857520713554819
leaf_weight=2090.1753488183022 2040.4993897788227 448.46081279218197 404.18908061087132 0.64531099423766036 0.71655459702014823 2.4657240957021704 0.70975204929709423 5.7983333133161068
leaf_count=22040 78708 26286 4262 25 42 26 28 223
internal_value=4.9102e-10 -0.0548575 0.0548575 -0.0548575 -0.0548575 0.0548575 -0.0548575 -0.0548575
internal_weight=4993.66 2496.83 2496.83 2047.65 449.177 406.655 7.1534 6.44364
internal_count=131640 105312 26328 78984 26328 4288 276 248
is_linear=0
shrinkage=0.05


Tree=18
num_leaves=13
num_cat=0
split_feature=1 1 1 1 11 11 11 11 11 15 15 15
split_gain=5194.08 9.09495e-12 3.41061e-12 1.13687e-12 4.54747e-13 4.54747e-13 1.13687e-13 1.13687e-13 7.10543e-15 7.10543e-15 3.55271e-15 3.55271e-15
threshold=1.5000000000000002 3.5000000000000004 4.5000000000000009 2.5000000000000004 0.8615560531616212 0.81693363189697277 0.75858122110366832 0.17963386327028277 0.93478259444236766 0.50214675068855297 0.28222058713436132 0.54911774396896373
decision_type=2 2 2 2 2 2 2 2 2 2 2 2
left_child=4 3 -3 6 5 -1 7 -2 10 -7 -6 -10
right_child=1 2 -4 -5 8 9 -8 -9 11 -11 -12 -13
leaf_value=0.054352745582308119 -0.054352752229842649 -0.05435274211565503 -0.054352748105587725 -0.054352749158701079 0.054352745582308098 0.054352745582308119 -0.054352752229842649 -0.054352752229842649 0.054352745582308105 0.054352745582308119 0.054352745582308119 0.054352745582308119
leaf_weight=2118.5207524076104 534.60777300596237 656.8416585624218 395.37113209068775 535.63125783205032 10.768319360911848 34.809218399226665 1.1350975334644307 74.151983767747879 22.037490785121921 1.8364575654268254 7.5962562933564177 2.1703589409589759
leaf_count=25379 23078 26328 26328 26328 129 417 49 3201 264 22 91 26
internal_value=-1.67353e-09 -0.0543527 -0.0543527 -0.0543528 0.0543527 0.0543527 -0.0543528 -0.0543528 0.0543527 0.0543527 0.0543527 0.0543527
internal_weight=4395.48 2197.74 1052.21 1145.53 2197.74 2155.17 609.895 608.76 42.5724 36.6457 18.3646 24.2078
internal_count=131640 105312 52656 52656 26328 25818 26328 26279 510 439 220 290
is_linear=0
shrinkage=0.05


Tree=19
num_leaves=6
num_cat=0
split_feature=1 1 1 11 12
split_gain=4497.61 4.54747e-13 6.82121e-13 4.54747e-13 3.55271e-15
threshold=1.5000000000000002 2.5000000000000004 4.5000000000000009 0.014874142128974201 0.73300331830978405
decision_type=2 2 2 2 2
left_child=3 -2 -3 4 -1
right_child=1 2 -4 -5 -6
leaf_value=0.053904338067796723 -0.0539043409412212 -0.053904338264698794 -0.053904340635892861 0.053904338067796743 0.053904338067796743
leaf_weight=15.726812437176706 536.93743081390858 1049.8257331699133 348.07565541565418 1911.1016702279449 8.0103857740759832
leaf_count=214 26328 52656 26328 26005 109
internal_value=0 -0.0539043 -0.0539043 0.0539043 0.0539043
internal_weight=3869.68 1934.84 1397.9 1934.84 23.7372
internal_count=131640 105312 78984 26328 323
is_linear=0
shrinkage=0.05


Tree=20
num_leaves=8
num_cat=0
split_feature=1 1 1 1 4 4 4
split_gain=3902.29 9.09495e-13 9.09495e-13 3.41061e-13 2.27374e-13 1.13687e-13 5.68434e-14
threshold=1.5000000000000002 3.5000000000000004 2.5000000000000004 4.5000000000000009 193.00000000000003 247.00000000000003 236.50000000000003
decision_type=2 2 2 2 2 2 2
left_child=4 2 5 -3 -1 -2 -4
right_child=1 3 6 -5 -6 -7 -8
leaf_value=0.053505466085723569 -0.053505464828570132 -0.053505463149501359 -0.053505468012378536 -0.053505465732361104 0.053505466085723569 -0.053505464828570132 -0.053505468012378536
leaf_weight=1701.5270810723305 472.47842093557119 509.23435270786285 414.8841780424118 306.52223972976208 2.3297951817512503 0.35918992012739082 0.37854395806789298
leaf_count=26292 26308 26328 26304 26328 36 20 24
internal_value=-3.5977e-10 -0.0535055 -0.0535055 -0.0535055 0.0535055 -0.0535055 -0.0535055
internal_weight=3407.71 1703.86 888.1 815.757 1703.86 472.838 415.263
internal_count=131640 105312 52656 52656 26328 26328 26328
is_linear=0
shrinkage=0.05


Tree=21
num_leaves=9
num_cat=0
split_feature=1 1 1 4 9 4 4 4
split_gain=3391.52 5.68434e-12 3.75167e-12 2.27374e-13 2.27374e-13 1.13687e-13 1.13687e-13 1.13687e-13
threshold=1.5000000000000002 3.5000000000000004 4.5000000000000009 239.50000000000003 83.500000000000014 175.00000000000003 29.500000000000004 173.50000000000003
decision_type=2 2 2 2 2 2 2 2
left_child=3 5 6 4 -1 -2 -3 -4
right_child=1 2 7 -5 -6 -7 -8 -9
leaf_value=0.053149592790959578 -0.053149599116739665 -0.053149590114195989 -0.053149597646218572 0.053149592790959578 0.053149592790959578 -0.053149599116739665 -0.053149590114195989 -0.053149597646218572
leaf_weight=1484.0348628163338 780.95027311705053 255.93387473002076 269.52982793748379 1.2540336847305287 15.447414934635161 1.2775675002485503 192.59352019056678 0.45119892060756583
leaf_count=26035 52570 15023 26284 22 271 86 11305 44
internal_value=-8.16928e-10 -0.0531496 -0.0531496 0.0531496 0.0531496 -0.0531496 -0.0531496 -0.0531496
internal_weight=3001.47 1500.74 718.508 1500.74 1499.48 782.228 448.527 269.981
internal_count=131640 105312 52656 26328 26306 52656 26328 26328
is_linear=0
shrinkage=0.05


Tree=22
num_leaves=6
num_cat=0
split_feature=1 1 1 1 11
split_gain=2952.59 1.13687e-12 2.27374e-12 5.68434e-13 2.27374e-13
threshold=1.5000000000000002 4.5000000000000009 3.5000000000000004 2.5000000000000004 0.14530891925096515
decision_type=2 2 2 2 2
left_child=4 2 3 -2 -1
right_child=1 -3 -4 -5 -6
leaf_value=0.052832007794940142 -0.052832008449533799 -0.052832012013256394 -0.052832005110620285 -0.052832011247468974 0.052832007794940142
leaf_weight=316.30286078155041 366.94182474911213 237.87410820275545 395.18723313510418 322.26129314303398 1005.9616229683161
leaf_count=6298 26328 26328 26328 26328 20030
internal_value=0 -0.052832 -0.052832 -0.052832 0.052832
internal_weight=2644.53 1322.26 1084.39 689.203 1322.26
internal_count=131640 105312 78984 52656 26328
is_linear=0
shrinkage=0.05


Tree=23
num_leaves=17
num_cat=0
split_feature=1 1 1 11 12 12 12 12 15 15 15 15 15 15 15 15
split_gain=2574.32 6.82121e-13 3.41061e-13 2.27374e-13 1.13687e-13 5.68434e-14 5.68434e-14 3.55271e-15 3.55271e-15 1.77636e-15 1.77636e-15 1.77636e-15 8.88178e-16 8.88178e-16 8.88178e-16 8.88178e-16
threshold=1.5000000000000002 2.5000000000000004 3.5000000000000004 0.93478259444236766 0.80614078044891369 0.9152941405773164 0.84632351994514476 0.84135678410530101 0.33870424330234533 0.75301900506019603 0.67361274361610424 0.21273767203092578 0.49966150522232061 0.56634673476219188 0.49355466663837438 0.61986517906188976
decision_type=2 2 2 2 2 2 2 2 2 2 2 2 2 2 2 2
left_child=3 5 6 -1 -4 -2 -3 -6 -5 10 11 -8 -7 14 -10 -13
right_child=1 2 4 8 7 12 9 -9 13 -11 -12 15 -14 -15 -16 -17
leaf_value=0.052548027020482835 -0.05254803104520777 -0.052548027137355992 -0.052548028910865956 0.052548027020482849 -0.05254802891174444 -0.052548031045207756 -0.052548027137356061 -0.052548028910407454 0.052548027020482814 -0.052548027137355603 -0.052548027137355638 -0.052548027137355985 -0.052548031045207666 0.052548027020482793 0.052548027020482793 -0.052548027137355791
leaf_weight=1152.5241078361869 320.10738637298346 275.50921868998557 533.82392909377813 7.9231052808463556 8.2703616153448838 2.8129160199314351 3.8836022838950104 15.846019143238662 3.0098947435617451 0.23733125068247396 0.25890681892633516 3.9051778521388769 0.47905556671321381 0.97378947585821141 0.92952631786465634 0.22654346656054247
leaf_count=26038 26060 25539 50380 179 784 229 360 1492 68 22 24 362 39 22 21 21
internal_value=-1.57804e-09 -0.052548 -0.052548 0.052548 -0.052548 -0.052548 -0.052548 -0.052548 0.052548 -0.052548 -0.052548 -0.052548 -0.052548 0.052548 0.052548 -0.052548
internal_weight=2330.72 1165.36 841.961 1165.36 557.94 323.399 284.021 24.1164 12.8363 8.51156 8.27423 8.01532 3.29197 4.91321 3.93942 4.13172
internal_count=131640 105312 78984 26328 52656 26328 26328 2276 290 789 767 743 268 111 89 383
is_linear=0
shrinkage=0.05


Tree=24
num_leaves=11
num_cat=0
split_feature=1 1 1 11 11 11 11 15 15 15
split_gain=2247.69 9.09495e-13 1.81899e-12 2.27374e-13 1.13687e-13 5.68434e-14 5.68434e-14 1.77636e-15 1.77636e-15 1.11022e-16
threshold=1.5000000000000002 4.5000000000000009 3.5000000000000004 0.93478259444236766 0.45652173459529882 0.7391304373741151 0.63501143455505382 0.5597749948501588 0.48849324882030493 0.26807250082492834
decision_type=2 2 2 2 2 2 2 2 2 2
left_child=3 2 4 -1 -2 -3 -4 8 -5 -7
right_child=1 5 6 7 -6 9 -8 -9 -10 -11
leaf_value=0.052293832927602174 -0.052293835040793837 -0.052293833049991349 -0.052293839699684756 0.052293832927602181 -0.05229383503730306 -0.052293833049991349 -0.052293839699684756 0.05229383292760207 0.052293832927602049 -0.052293833049991051
leaf_weight=1016.0973832979798 527.79106962960213 184.43769529461861 305.57196903973818 9.5998139753937668 7.7274213628843418 0.21762974094599385 1.4928706884384144 0.9365672171115883 0.78047268092632371 0.17550785560160875
leaf_count=26038 51898 26272 26200 246 758 31 128 24 20 25
internal_value=2.9832e-10 -0.0522938 -0.0522938 0.0522938 -0.0522938 -0.0522938 -0.0522938 0.0522938 0.0522938 -0.0522938
internal_weight=2054.83 1027.41 842.583 1027.41 535.518 184.831 307.065 11.3169 10.3803 0.393138
internal_count=131640 105312 78984 26328 52656 26328 26328 290 266 56
is_linear=0
shrinkage=0.05


Tree=25
num_leaves=6
num_cat=0
split_feature=1 1 1 4 4
split_gain=1965.1 1.59162e-12 9.09495e-13 2.27374e-13 2.22045e-16
threshold=1.5000000000000002 2.5000000000000004 3.5000000000000004 178.50000000000003 247.00000000000003
decision_type=2 2 2 2 2
left_child=3 -2 -3 -1 -5
right_child=1 2 -4 4 -6
leaf_value=0.052066081038457446 -0.052066078350113357 -0.05206608588020039 -0.052066081778565643 0.05206608103845746 0.052066081038457383
leaf_weight=904.74262940883636 251.45730189979076 220.83868975192308 433.82325126975775 0.68833127617835888 0.68833127617835999
leaf_count=26288 26328 26328 52656 20 20
internal_value=1.01476e-09 -0.0520661 -0.0520661 0.0520661 0.0520661
internal_weight=1812.24 906.119 654.662 906.119 1.37666
internal_count=131640 105312 78984 26328 40
is_linear=0
shrinkage=0.05


Tree=26
num_leaves=12
num_cat=0
split_feature=1 1 1 11 11 11 11 11 15 12 14
split_gain=1720.09 1.13687e-13 3.41061e-13 1.13687e-13 1.13687e-13 5.68434e-14 5.68434e-14 7.10543e-15 1.77636e-15 2.22045e-16 2.22045e-16
threshold=1.5000000000000002 4.5000000000000009 3.5000000000000004 0.38901601731777197 0.20709382742643359 0.67505720257759105 0.93478259444236766 0.7299771010875703 0.56951975822448742 0.85641953349113475 0.51399782299995433
decision_type=2 2 2 2 2 2 2 2 2 2 2
left_child=3 2 4 -1 -2 -4 -5 -6 -8 -9 -7
right_child=1 -3 5 6 7 10 8 9 -10 -11 -12
leaf_value=0.051861740452021243 -0.051861743899759977 -0.051861742825140271 -0.051861746126619784 0.051861740452021243 -0.051861743895818324 -0.051861746126619784 0.051861740452021257 -0.051861743867485377 0.051861740452021091 -0.051861743891137617 -0.051861746126619583
leaf_weight=521.52171842753887 375.98889679182321 143.81264898553491 237.98545021563768 269.08043017610908 39.5259416308254 0.67153187096118827 8.1981173716485465 0.97837036848068126 0.60726795345544893 0.18148939032107592 0.26316789537668228
leaf_count=17176 47507 26328 26225 8862 5001 74 270 125 20 23 29
internal_value=-7.66814e-10 -0.0518617 -0.0518617 0.0518617 -0.0518617 -0.0518617 0.0518617 -0.0518617 0.0518617 -0.0518617 -0.0518617
internal_weight=1598.82 799.407 655.595 799.408 416.675 238.92 277.886 40.6858 8.80539 1.15986 0.9347
internal_count=131640 105312 78984 26328 52656 26328 9152 5149 290 148 103
is_linear=0
shrinkage=0.05


Tree=27
num_leaves=9
num_cat=0
split_feature=1 1 1 1 4 4 5 9
split_gain=1507.38 3.41061e-13 7.38964e-13 1.13687e-13 1.13687e-13 1.13687e-13 2.84217e-14 2.84217e-14
threshold=1.5000000000000002 3.5000000000000004 2.5000000000000004 4.5000000000000009 235.50000000000003 38.500000000000007 62.000000000000007 94.500000000000014
decision_type=2 2 2 2 2 2 2 2
left_child=4 2 6 -3 5 -1 -2 -4
right_child=1 3 7 -5 -6 -7 -8 -9
leaf_value=0.05167833477294928 -0.051678332682257182 -0.051678332973243007 -0.051678328154589497 -0.051678330675594887 0.05167833477294928 0.05167833477294928 -0.051678332682257182 -0.051678328154589497
leaf_weight=504.78944544307888 171.82099403627217 210.86329932510853 194.52794830407947 126.92444777861238 0.66994405351579089 200.07209214195609 0.1306226197630157 1.2642308743670572
leaf_count=18837 26308 26328 26158 26328 25 7466 20 170
internal_value=-4.34422e-10 -0.0516783 -0.0516783 -0.0516783 0.0516783 0.0516783 -0.0516783 -0.0516783
internal_weight=1411.06 705.532 367.744 337.788 705.531 704.862 171.952 195.792
internal_count=131640 105312 52656 52656 26328 26303 26328 26328
is_linear=0
shrinkage=0.05


Tree=28
num_leaves=7
num_cat=0
split_feature=1 1 1 1 4 4
split_gain=1322.34 2.04636e-12 1.02318e-12 5.11591e-13 1.13687e-13 1.13687e-13
threshold=1.5000000000000002 4.5000000000000009 2.5000000000000004 3.5000000000000004 239.50000000000003 173.50000000000003
decision_type=2 2 2 2 2 2
left_child=4 2 -2 -4 5 -1
right_child=1 -3 3 -5 -6 -7
leaf_value=0.051513500584880224 -0.051513491016958381 -0.051513501780281412 -0.051513497929359164 -0.051513494151999607 0.051513500584880224 0.051513500584880224
leaf_weight=621.84909705817699 172.85834884643555 112.05733287334442 151.81030422449112 186.16413709893823 0.52049460262060065 0.52049460262060065
leaf_count=26284 26328 26328 26328 26328 22 22
internal_value=9.84117e-10 -0.0515135 -0.0515135 -0.0515135 0.0515135 0.0515135
internal_weight=1245.78 622.89 510.833 337.974 622.89 622.37
internal_count=131640 105312 78984 52656 26328 26306
is_linear=0
shrinkage=0.05


Tree=29
num_leaves=6
num_cat=0
split_feature=1 1 1 4 1
split_gain=1161.23 3.41061e-13 1.08002e-12 1.13687e-13 5.68434e-14
threshold=1.5000000000000002 4.5000000000000009 3.5000000000000004 243.50000000000003 2.5000000000000004
decision_type=2 2 2 2 2
left_child=3 2 4 -1 -2
right_child=1 -3 -4 -5 -6
leaf_value=0.051365371783062268 -0.051365369458398327 -0.051365372135372768 -0.051365365070254389 0.051365371783062268 -0.051365370568921535
leaf_weight=549.72143184766173 134.08465169370174 98.973302241414785 164.42725602909923 0.43882426992058654 152.67507067322731
leaf_count=26307 26328 26328 26328 21 26328
internal_value=2.78554e-10 -0.0513654 -0.0513654 0.0513654 -0.0513654
internal_weight=1100.32 550.16 451.187 550.16 286.76
internal_count=131640 105312 78984 26328 52656
is_linear=0
shrinkage=0.05


Tree=30
num_leaves=8
num_cat=0
split_feature=1 1 4 4 4 10 4
split_gain=1020.66 9.66338e-13 5.68434e-14 1.42109e-14 1.42109e-14 1.42109e-14 5.55112e-17
threshold=1.5000000000000002 2.5000000000000004 237.50000000000003 243.50000000000003 126.50000000000001 0.75303301215171825 176.50000000000003
decision_type=2 2 2 2 2 2 2
left_child=2 3 -1 4 5 -2 -6
right_child=1 -3 -4 -5 6 -7 -8
leaf_value=0.051232034791185092 -0.051232039973022642 -0.051232034912060853 0.051232034791185092 -0.051232039973022642 -0.051232039973022642 -0.051232039973022642 -0.051232039973022094
leaf_weight=485.65394520759583 92.701714501716197 367.61185446381569 0.42463564872741599 0.094492573756723597 0.32847418496385117 25.247515778522938 0.094492573756724596
leaf_count=26305 20602 78984 23 21 73 5611 21
internal_value=1.26111e-09 -0.051232 0.051232 -0.051232 -0.051232 -0.051232 -0.051232
internal_weight=972.157 486.079 486.079 118.467 118.372 117.949 0.422967
internal_count=131640 105312 26328 26328 26307 26213 94
is_linear=0
shrinkage=0.05


Tree=31
num_leaves=7
num_cat=0
split_feature=1 1 1 1 4 4
split_gain=897.907 5.68434e-14 1.13687e-13 1.98952e-13 5.68434e-14 5.68434e-14
threshold=1.5000000000000002 4.5000000000000009 3.5000000000000004 2.5000000000000004 243.50000000000003 132.50000000000003
decision_type=2 2 2 2 2 2
left_child=4 2 3 -2 5 -1
right_child=1 -3 -4 -5 -6 -7
leaf_value=0.051112042653346824 -0.051112041025362598 -0.051112037906302248 -0.051112041290546306 -0.051112037908565756 0.051112042653346824 0.051112042653346824
leaf_weight=427.94934194535017 119.22673173621297 77.290052236989141 128.40422137454152 104.70913518592715 0.34268584102392097 1.3381066173315037
leaf_count=26225 26328 26328 26328 26328 21 82
internal_value=1.0701e-09 -0.051112 -0.051112 -0.051112 0.051112 0.051112
internal_weight=859.26 429.63 352.34 223.936 429.63 429.287
internal_count=131640 105312 78984 52656 26328 26307
is_linear=0
shrinkage=0.05


Tree=32
num_leaves=8
num_cat=0
split_feature=1 1 1 11 12 4 4
split_gain=790.575 1.13687e-13 1.7053e-13 5.68434e-14 2.84217e-14 1.42109e-14 1.42109e-14
threshold=1.5000000000000002 3.5000000000000004 4.5000000000000009 0.017162471078336242 0.1337719336152077 236.50000000000003 131.50000000000003
decision_type=2 2 2 2 2 2 2
left_child=3 4 5 -1 -2 6 -3
right_child=1 2 -4 -5 -6 -7 -8
leaf_value=0.051003969352283497 -0.051003970062813035 -0.051003973044245136 -0.051003969954319384 0.051003969352283497 -0.051003970060347847 -0.051003973044245136 -0.051003973044245136
leaf_weight=5.6271949410438529 72.343751292442903 113.07790309842676 68.339861707761884 374.25174969434738 125.66033387393691 0.10349590703844924 0.35361101571470399
leaf_count=390 19243 26222 26328 25938 33413 24 82
internal_value=-1.61366e-09 -0.051004 -0.051004 0.051004 -0.051004 -0.051004 -0.051004
internal_weight=759.758 379.879 181.875 379.879 198.004 113.535 113.432
internal_count=131640 105312 52656 26328 52656 26328 26304
is_linear=0
shrinkage=0.05


Tree=33
num_leaves=10
num_cat=0
split_feature=1 1 1 4 4 12 12 4 12
split_gain=696.635 8.52651e-13 3.97904e-13 5.68434e-14 5.68434e-14 1.42109e-14 1.42109e-14 7.10543e-15 4.44089e-16
threshold=1.5000000000000002 4.5000000000000009 2.5000000000000004 234.00000000000003 55.500000000000007 0.80065789818763744 0.80970019102096569 169.00000000000003 0.97999998927116405
decision_type=2 2 2 2 2 2 2 2 2
left_child=3 2 5 4 -1 -2 -3 -6 -8
right_child=1 6 -4 -5 7 -7 8 -9 -10
leaf_value=0.050906611350671219 -0.050906613209063471 -0.050906622326706098 -0.05090661696943493 0.050906611350671219 0.050906611350671219 -0.050906613209063471 -0.050906622326706091 0.050906611350671219 -0.050906622326706008
leaf_weight=302.27637966349721 88.9920848258771 57.935779271414503 182.32214463874698 0.33183524198830028 33.145235517062247 4.2572827334515742 2.0319884538184847 0.26802077237516542 0.48216675175353874
leaf_count=23684 25126 25233 52656 26 2597 1202 885 21 210
internal_value=-9.12139e-10 -0.0509066 -0.0509066 0.0509066 0.0509066 -0.0509066 -0.0509066 0.0509066 -0.0509066
internal_weight=672.043 336.021 275.572 336.021 335.69 93.2494 60.4499 33.4133 2.51416
internal_count=131640 105312 78984 26328 26302 26328 26328 2618 1095
is_linear=0
shrinkage=0.05


Tree=34
num_leaves=6
num_cat=0
split_feature=1 5 4 4 4
split_gain=614.31 1.13687e-13 5.68434e-14 3.55271e-15 2.77556e-17
threshold=1.5000000000000002 17.500000000000004 255.50000000000003 140.50000000000003 281.50000000000006
decision_type=2 2 2 2 2
left_child=1 -1 -2 -3 -4
right_child=2 3 4 -5 -6
leaf_value=0.050818857619505303 -0.050818862824218436 0.050818857619505303 -0.050818862824218436 0.050818857619505303 -0.050818862824217541
leaf_weight=272.863192060031 297.13298866292462 23.671257421374325 0.14681599591858585 0.80184125807136197 0.056467690737918019
leaf_count=24161 105240 2096 52 71 20
internal_value=-1.03081e-09 0.0508189 -0.0508189 0.0508189 -0.0508189
internal_weight=594.673 297.336 297.336 24.4731 0.203284
internal_count=131640 26328 105312 2167 72
is_linear=0
shrinkage=0.05


Tree=35
num_leaves=6
num_cat=0
split_feature=1 1 12 11 12
split_gain=542.102 5.68434e-14 5.68434e-14 7.10543e-15 1.11022e-16
threshold=1.5000000000000002 4.5000000000000009 -0.18166667222976682 0.79061785340309154 -0.33484849333763117
decision_type=2 2 2 2 2
left_child=2 -2 4 -3 -1
right_child=1 3 -4 -5 -6
leaf_value=0.050739741078278833 -0.05073974141630682 -0.050739742869582098 0.050739741078279069 -0.050739742869582098 0.050739741078279069
leaf_weight=0.21993742138147354 215.85475833714008 47.303585548419505 262.45532379671931 0.04676044499501486 0.52984924241900344
leaf_count=22 78984 26302 26253 26 53
internal_value=2.91121e-10 -0.0507397 0.0507397 -0.0507397 0.0507397
internal_weight=526.41 263.205 263.205 47.3503 0.749787
internal_count=131640 105312 26328 26328 75
is_linear=0
shrinkage=0.05


Tree=36
num_leaves=9
num_cat=0
split_feature=1 1 1 11 11 11 15 15
split_gain=478.668 5.68434e-14 7.10543e-14 1.42109e-14 1.42109e-14 7.10543e-15 7.10543e-15 2.77556e-17
threshold=1.5000000000000002 3.5000000000000004 2.5000000000000004 0.75858122110366832 0.78604120016098034 0.7299771010875703 0.22198975086212161 0.23451325297355655
decision_type=2 2 2 2 2 2 2 2
left_child=-1 2 3 -2 -3 6 -4 -6
right_child=1 4 5 -5 7 -7 -8 -9
leaf_value=0.050668330347195117 -0.050668331916402 -0.050668332553789323 -0.050668329693775306 -0.050668331916402 -0.050668332546635546 -0.050668329693775306 -0.050668329693775306 -0.050668332560916955
leaf_weight=233.06201197206974 64.556705912109464 111.44231545785442 24.284408697858453 0.12037286767735977 0.082092738477512195 0.13592019793577392 32.381369060603902 0.058820909587666392
leaf_count=26328 26279 52590 11256 49 37 63 15009 29
internal_value=0 -0.0506683 -0.0506683 -0.0506683 -0.0506683 -0.0506683 -0.0506683 -0.0506683
internal_weight=466.124 233.062 121.479 64.6771 111.583 56.8017 56.6658 0.140914
internal_count=131640 105312 52656 26328 52656 26328 26265 66
is_linear=0
shrinkage=0.05


Tree=37
num_leaves=17
num_cat=0
split_feature=1 1 1 11 11 11 11 11 11 14 15 14 15 15 11 14
split_gain=422.943 4.83169e-13 1.7053e-13 2.84217e-14 1.42109e-14 7.10543e-15 7.10543e-15 1.77636e-15 1.77636e-15 1.77636e-15 1.77636e-15 2.22045e-16 5.55112e-17 5.55112e-17 2.77556e-17 2.77556e-17
threshold=1.5000000000000002 2.5000000000000004 4.5000000000000009 0.75858122110366832 0.4313501119613648 0.14988558739423755 0.79061785340309154 0.7391304373741151 0.67505720257759105 0.55250626802444469 0.70235165953636181 0.19625350087881091 0.42847125232219702 0.21435049921274188 0.79061785340309154 0.17879188805818561
decision_type=2 2 2 2 2 2 2 2 2 2 2 2 2 2 2 2
left_child=3 5 4 -1 -3 -2 -4 8 9 -7 -5 15 13 -11 -9 -6
right_child=1 2 6 10 11 7 -8 14 -10 12 -12 -13 -14 -15 -16 -17
leaf_value=0.0506039281338585 -0.050603932806670887 -0.050603928322151354 -0.050603924583470905 0.050603928133858514 -0.050603928306510053 -0.050603932806670915 -0.050603924583470905 -0.05060393280666995 -0.050603932806670207 -0.050603932806670388 0.050603928133858091 -0.050603928325230391 -0.050603932806670061 -0.050603932806670242 -0.050603932806670165 -0.050603928353534368
leaf_weight=192.14322942122817 48.553796030580997 110.2603156977566 37.104232229990885 14.091392207890745 0.18270475359167804 8.1256666537374187 0.036678200820459916 0.095749687403441253 0.13274388480931598 0.17626646999269802 0.21956537663936693 1.5356171348830683 0.060931619256734848 0.078340653330087662 0.069636136293411255 0.041501723346300423
leaf_count=24503 22312 51830 26302 1797 87 3734 26 44 61 81 28 720 28 36 32 19
internal_value=3.71146e-10 -0.0506039 -0.0506039 0.0506039 -0.0506039 -0.0506039 -0.0506039 -0.0506039 -0.0506039 -0.0506039 0.0506039 -0.0506039 -0.0506039 -0.0506039 -0.0506039 -0.0506039
internal_weight=412.908 206.454 149.161 206.454 112.02 57.2931 37.1409 8.73934 8.57395 8.44121 14.311 1.75982 0.315539 0.254607 0.165386 0.224206
internal_count=131640 105312 78984 26328 52656 26328 26328 4016 3940 3879 1825 826 145 117 76 106
is_linear=0
shrinkage=0.05


Tree=38
num_leaves=11
num_cat=0
split_feature=1 1 1 11 12 11 11 12 15 11
split_gain=373.934 5.68434e-14 1.13687e-13 2.84217e-14 2.84217e-14 7.10543e-15 7.10543e-15 3.55271e-15 1.77636e-15 2.77556e-17
threshold=1.5000000000000002 4.5000000000000009 3.5000000000000004 0.74485126137733471 0.54886364936828624 0.79061785340309154 0.68764302134513866 0.8715837597846986 0.69035264849662792 0.71510297060012828
decision_type=2 2 2 2 2 2 2 2 2 2
left_child=3 2 4 -1 -2 -3 -4 8 -5 -8
right_child=1 5 6 7 -6 -7 9 -9 -10 -11
leaf_value=0.050545810648043726 -0.050545809035674565 -0.050545808351476353 -0.050545812070063416 0.050545810648043733 -0.050545809035996904 -0.050545808351476353 -0.050545812070063416 0.050545810648043657 0.050545810648043393 -0.050545812070063027
leaf_weight=169.10167276393622 63.943019325844944 32.880178476450965 54.49603796005249 12.285669095814223 31.41634355019778 0.032502647722138955 0.049843937158583596 1.292496861889959 0.27100740652531463 0.13291716575622559
leaf_count=24335 35312 26302 26240 1768 17344 26 24 186 39 64
internal_value=8.37652e-10 -0.0505458 -0.0505458 0.0505458 -0.0505458 -0.0505458 -0.0505458 0.0505458 0.0505458 -0.0505458
internal_weight=365.902 182.951 150.038 182.951 95.3594 32.9127 54.6788 13.8492 12.5567 0.182761
internal_count=131640 105312 78984 26328 52656 26328 26328 1993 1807 88
is_linear=0
shrinkage=0.05


Tree=39
num_leaves=10
num_cat=0
split_feature=1 1 1 1 11 11 11 15 11
split_gain=330.784 1.98952e-13 4.26326e-13 3.97904e-13 7.10543e-15 7.10543e-15 3.55271e-15 8.88178e-16 1.11022e-16
threshold=1.5000000000000002 4.5000000000000009 3.5000000000000004 2.5000000000000004 0.4359267801046372 0.042334096506237991 1.0000000180025095e-35 0.513982653617859 0.77688786387443554
decision_type=2 2 2 2 2 2 2 2 2
left_child=-1 2 3 -2 -4 -5 7 -3 -6
right_child=1 6 4 5 8 -7 -8 -9 -10
leaf_value=0.050493331518009027 -0.050493334367583 -0.050493328698347356 -0.050493337027098142 -0.050493327552636739 -0.050493337027098142 -0.050493327552636739 -0.050493328698347412 -0.050493328698347363 -0.050493337027097476
leaf_weight=162.17586693540215 45.005447345785797 3.0584846762940314 47.718621678650379 22.729195889551193 0.67564560787286509 16.796185179147869 25.009761108434759 1.1070384752238167 0.075480844476260245
leaf_count=26328 26328 2760 25920 15140 367 11188 22569 999 41
internal_value=4.72478e-10 -0.0504933 -0.0504933 -0.0504933 -0.0504933 -0.0504933 -0.0504933 -0.0504933 -0.0504933
internal_weight=324.352 162.176 133.001 84.5308 48.4697 39.5254 29.1753 4.16552 0.751126
internal_count=131640 105312 78984 52656 26328 26328 26328 3759 408
is_linear=0
shrinkage=0.05


Tree=40
num_leaves=6
num_cat=0
split_feature=1 1 1 11 12
split_gain=292.768 2.84217e-14 4.26326e-14 1.42109e-14 2.77556e-17
threshold=1.5000000000000002 3.5000000000000004 2.5000000000000004 0.69679635763168346 0.74255535006523143
decision_type=2 2 2 2 2
left_child=-1 2 -2 -3 -5
right_child=1 3 -4 4 -6
leaf_value=0.05044593856008768 -0.050445942358084243 -0.050445942429172511 -0.050445939713400181 -0.050445942419427618 -0.050445942424024386
leaf_weight=143.8073526956141 39.908001235686243 68.654932213015854 35.048621518537402 0.040859196335076287 0.15494159702211618
leaf_count=26328 26328 52507 26328 31 118
internal_value=-2.13131e-09 -0.0504459 -0.0504459 -0.0504459 -0.0504459
internal_weight=287.615 143.807 74.9566 68.8507 0.195801
internal_count=131640 105312 52656 52656 149
is_linear=0
shrinkage=0.05


Tree=41
num_leaves=4
num_cat=0
split_feature=1 1 1
split_gain=259.254 2.84217e-14 7.10543e-14
threshold=1.5000000000000002 3.5000000000000004 4.5000000000000009
decision_type=2 2 2
left_child=-1 -2 -3
right_child=1 2 -4
leaf_value=0.050403146787180608 -0.050403139838104231 -0.050403143046160309 -0.050403139530566299
leaf_weight=127.5617679990828 66.488952434621751 38.124585944227874 22.94824188016355
leaf_count=26328 52656 26328 26328
internal_value=6.00686e-10 -0.0504031 -0.0504031
internal_weight=255.124 127.562 61.0728
internal_count=131640 105312 52656
is_linear=0
shrinkage=0.05


Tree=42
num_leaves=15
num_cat=0
split_feature=1 1 1 1 11 11 11 11 15 15 11 14 15 15
split_gain=229.691 2.41585e-13 4.26326e-14 4.9738e-14 1.42109e-14 3.55271e-15 1.77636e-15 4.44089e-16 4.44089e-16 4.44089e-16 2.22045e-16 2.22045e-16 2.22045e-16 5.55112e-17
threshold=1.5000000000000002 2.5000000000000004 3.5000000000000004 4.5000000000000009 0.68306636810302745 0.28718535602092748 0.70251718163490307 0.31464530527591711 0.44961999356746679 0.22518841177225116 0.75858122110366832 0.18770973384380343 0.37513449788093572 0.53964474797248851
decision_type=2 2 2 2 2 2 2 2 2 2 2 2 2 2
left_child=4 5 -3 -4 -1 -2 8 -7 9 -6 11 13 -11 -9
right_child=1 2 3 -5 6 7 -8 10 -10 12 -12 -13 -14 -15
leaf_value=0.050364480164775086 -0.050364485808042418 -0.050364479062702729 -0.050364482817012127 -0.050364479835319345 0.050364480164775044 -0.050364485808042418 0.050364480164775086 -0.050364485808042293 0.050364480164775009 0.05036448016477503 -0.050364485808041648 -0.050364485808042384 0.050364480164774933 -0.050364485808040864
leaf_weight=98.765546210110188 29.646644844906408 27.58642793353647 33.829080269671977 20.362659344449639 1.079099468886852 0.27321347617544134 11.758314929902552 0.35434236866421986 0.58039214462041844 0.68357297033071496 0.058460525469854363 1.0463240987155584 0.32244008034467697 0.03221294260583818
leaf_count=22973 24849 26328 26328 26328 251 229 2735 297 135 159 49 877 75 27
internal_value=-1.01544e-09 -0.0503645 -0.0503645 -0.0503645 0.0503645 -0.0503645 0.0503645 -0.0503645 0.0503645 0.0503645 -0.0503645 -0.0503645 0.0503645 -0.0503645
internal_weight=226.379 113.189 81.7782 54.1917 113.189 31.4112 14.4238 1.76455 2.6655 2.08511 1.49134 1.43288 1.00601 0.386555
internal_count=131640 105312 78984 52656 26328 26328 3355 1479 620 485 1250 1201 234 324
is_linear=0
shrinkage=0.05


Tree=43
num_leaves=6
num_cat=0
split_feature=1 1 1 11 1
split_gain=203.588 2.55795e-13 2.84217e-14 1.42109e-14 7.10543e-15
threshold=1.5000000000000002 2.5000000000000004 4.5000000000000009 0.93478259444236766 3.5000000000000004
decision_type=2 2 2 2 2
left_child=3 -2 4 -1 -3
right_child=1 2 -4 -5 -6
leaf_value=0.050329548794461144 -0.050329555116258674 -0.050329548193485577 -0.050329550922638293 0.050329548794461144 -0.050329549789328833
leaf_weight=99.358775798697025 27.880166670307517 24.485350572969764 18.073627667035908 1.1066151387058187 30.026246027089655
leaf_count=26038 26328 26328 26328 290 26328
internal_value=-1.14404e-09 -0.0503296 -0.0503295 0.0503295 -0.0503295
internal_weight=200.931 100.465 72.5852 100.465 54.5116
internal_count=131640 105312 78984 26328 52656
is_linear=0
shrinkage=0.05


Tree=44
num_leaves=17
num_cat=0
split_feature=1 1 14 4 10 10 14 14 14 4 1 4 4 4 14 11
split_gain=180.537 1.42109e-14 2.84217e-14 1.42109e-14 1.42109e-14 7.10543e-15 3.55271e-15 3.55271e-15 1.77636e-15 8.88178e-16 2.22045e-16 1.11022e-16 1.11022e-16 1.11022e-16 1.11022e-16 1.38778e-17
threshold=1.5000000000000002 4.5000000000000009 0.55938130617141735 243.50000000000003 0.71744549274444591 0.46300300955772405 0.39902913570404058 0.39178888499736791 0.63538610935211193 247.00000000000003 3.5000000000000004 67.500000000000014 59.500000000000007 79.500000000000014 0.67243370413780224 0.014874142128974201
decision_type=2 2 2 2 2 2 2 2 2 2 2 2 2 2 2 2
left_child=3 2 -2 4 -1 9 7 -6 -8 -3 11 12 -4 -12 -10 -13
right_child=1 5 10 -5 6 -7 8 -9 14 -11 13 15 -14 -15 -16 -17
leaf_value=0.050297998174379792 -0.050297992645938608 -0.050297994203091403 -0.050297993021172549 0.050297998174379792 0.050297998174379771 -0.050297994203091438 0.050297998174379799 0.05029799817437966 0.050297998174379514 -0.050297994203088725 -0.050297992071479385 -0.050297992995112541 -0.050297993065503949 -0.050297992071477317 0.050297998174379514 -0.050297992998867717
leaf_weight=63.953724198974669 65.948833099508192 5.2467803719919202 0.83592309424420708 0.07115004281513293 15.917281006928537 16.476905184565112 8.0501191299408639 0.70472423359751779 0.32186924130655903 0.016514889430254587 0.57110969815403223 0.032492768426891416 0.034807780175469816 0.023289934499189258 0.18295725295320153 0.015166753029916435
leaf_count=18876 77212 6354 1079 21 4698 19954 2376 208 95 20 564 43 43 23 54 20
internal_value=3.00651e-09 -0.050298 -0.050298 0.050298 0.050298 -0.050298 0.050298 0.050298 0.050298 -0.050298 -0.050298 -0.050298 -0.050298 -0.050298 0.050298 -0.050298
internal_weight=178.404 89.2018 67.4616 89.2018 89.1307 21.7402 25.177 16.622 8.55495 5.2633 1.51279 0.91839 0.870731 0.5944 0.504826 0.0476595
internal_count=131640 105312 78984 26328 26307 26328 7431 4906 2525 6374 1772 1185 1122 587 149 63
is_linear=0
shrinkage=0.05


Tree=45
num_leaves=8
num_cat=0
split_feature=1 1 1 11 14 12 12
split_gain=160.168 7.10543e-14 4.26326e-14 1.42109e-14 7.10543e-15 1.77636e-15 1.77636e-15
threshold=1.5000000000000002 4.5000000000000009 3.5000000000000004 0.078947369009256377 0.44487847387790685 0.9152941405773164 0.8715837597846986
decision_type=2 2 2 2 2 2 2
left_child=3 2 4 5 -2 6 -1
right_child=1 -3 -4 -5 -6 -7 -8
leaf_value=0.050269484740997177 -0.050269483670266492 -0.050269481035612899 -0.050269486130547686 0.050269484740997156 -0.05026948366921085 0.050269484740995865 0.050269484740996496
leaf_weight=8.4349503729026711 34.001869501080364 19.309327504131943 23.678919937927276 70.588166570523754 2.2376326140947631 0.069212935632095518 0.13541661319322962
leaf_count=2803 49406 26328 26328 23457 3250 23 45
internal_value=-4.83572e-10 -0.0502695 -0.0502695 0.0502695 -0.0502695 0.0502695 0.0502695
internal_weight=158.455 79.2277 59.9184 79.2277 36.2395 8.63958 8.57037
internal_count=131640 105312 78984 26328 52656 2871 2848
is_linear=0
shrinkage=0.05


Tree=46
num_leaves=12
num_cat=0
split_feature=1 1 1 4 4 4 10 4 4 4 4
split_gain=142.148 1.42109e-13 7.10543e-14 1.42109e-14 7.10543e-15 3.55271e-15 3.55271e-15 2.77556e-17 2.77556e-17 2.77556e-17 2.77556e-17
threshold=1.5000000000000002 4.5000000000000009 2.5000000000000004 247.00000000000003 117.50000000000001 181.50000000000003 0.22020399570465091 239.50000000000003 181.50000000000003 158.50000000000003 132.50000000000003
decision_type=2 2 2 2 2 2 2 2 2 2 2
left_child=3 2 6 -1 -4 -3 -2 8 9 10 -6
right_child=1 5 4 -5 7 -7 -8 -9 -10 -11 -12
leaf_value=0.050243701684230549 -0.050243700019292528 -0.050243697251524881 -0.050243703774394001 0.050243701684230549 -0.050243703774394001 -0.050243697251524888 -0.050243700019292639 -0.050243703774392218 -0.05024370377439169 -0.050243703774391191 -0.050243703774393217
leaf_weight=70.332483623176813 1.4860313024255472 17.129000754968732 33.502889221563237 0.053468514233826592 0.063997878169174238 0.025411047565284117 18.046785537444521 0.028159066394437104 0.021759278577519581 0.017919405887369066 0.063997878169175237
leaf_count=26308 2003 26289 52350 20 100 39 24325 44 34 28 100
internal_value=5.44317e-10 -0.0502437 -0.0502437 0.0502437 -0.0502437 -0.0502437 -0.0502437 -0.0502437 -0.0502437 -0.0502437 -0.0502437
internal_weight=140.772 70.386 53.2315 70.386 33.6987 17.1544 19.5328 0.195834 0.167674 0.145915 0.127996
internal_count=131640 105312 78984 26328 52656 26328 26328 306 262 228 200
is_linear=0
shrinkage=0.05


Tree=47
num_leaves=10
num_cat=0
split_feature=1 1 1 1 11 14 14 15 15
split_gain=126.209 4.26326e-14 8.52651e-14 7.81597e-14 7.10543e-15 1.77636e-15 4.44089e-16 1.11022e-16 1.11022e-16
threshold=1.5000000000000002 3.5000000000000004 2.5000000000000004 4.5000000000000009 0.48627002537250524 0.33381365239620214 0.31904290616512304 0.56634673476219188 0.49355466663837438
decision_type=2 2 2 2 2 2 2 2 2
left_child=4 2 -2 -3 -1 6 -6 8 -8
right_child=1 3 -4 -5 5 -7 7 -9 -10
leaf_value=0.050220402809764655 -0.050220408390279817 -0.05022041035279428 -0.050220403101797574 -0.050220405151632064 0.050220402809764655 0.050220402809764655 0.050220402809764586 0.050220402809763934 0.050220402809763899
leaf_weight=47.027911100070924 17.358766451943666 18.694959405809641 15.245083961170165 11.25301386206411 2.5112914030905809 12.242842573439701 0.63435648498125363 0.068900142563506961 0.066524275578558445
leaf_count=19794 26328 26328 26328 26328 1057 5153 267 29 28
internal_value=-1.22498e-09 -0.0502204 -0.0502204 -0.0502204 0.0502204 0.0502204 0.0502204 0.0502204 0.0502204
internal_weight=125.104 62.5518 32.6039 29.948 62.5518 15.5239 3.28107 0.769781 0.700881
internal_count=131640 105312 52656 52656 26328 6534 1381 324 295
is_linear=0
shrinkage=0.05


Tree=48
num_leaves=31
num_cat=0
split_feature=1 1 1 1 4 4 5 9 4 4 4 4 4 4 7 10 10 11 11 14 11 4 10 14 10 15 4 11 15 4
split_gain=112.1 7.10543e-14 2.13163e-14 1.06581e-14 7.10543e-15 3.55271e-15 3.55271e-15 3.55271e-15 1.77636e-15 1.77636e-15 1.77636e-15 1.77636e-15 1.77636e-15 1.77636e-15 1.77636e-15 1.77636e-15 1.77636e-15 1.77636e-15 1.77636e-15 1.77636e-15 2.22045e-16 1.11022e-16 1.11022e-16 5.55112e-17 2.77556e-17 2.77556e-17 1.38778e-17 1.38778e-17 1.38778e-17 6.93889e-18
threshold=1.5000000000000002 4.5000000000000009 3.5000000000000004 2.5000000000000004 36.500000000000007 214.50000000000003 4.5000000000000009 13.500000000000002 175.00000000000003 114.50000000000001 75.500000000000014 59.500000000000007 239.50000000000003 163.50000000000003 30.500000000000004 0.85469201207160961 0.78429299592971813 0.16819221526384356 0.52974826097488414 0.47341929376125341 0.20022883266210559 74.500000000000014 0.88038450479507457 0.76388889551162731 0.68017849326133739 0.67361274361610424 151.50000000000003 0.7391304373741151 0.43100191652774816 141.50000000000003
decision_type=2 2 2 2 2 2 2 2 2 2 2 2 2 2 2 2 2 2 2 2 2 2 2 2 2 2 2 2 2 2
left_child=4 2 3 8 -1 15 -4 24 9 10 11 17 13 14 19 16 -5 -2 -8 -3 -19 -13 -17 -21 -6 28 29 -20 -25 -11
right_child=1 12 6 5 7 -7 18 -9 -10 26 -12 21 -14 -15 -16 22 -18 20 27 23 -22 -23 -24 25 -26 -27 -28 -29 -30 -31
leaf_value=0.050199341821974885 -0.050199348673173876 -0.050199344147070668 -0.050199347551270104 -0.050199350733353798 0.050199341821973525 -0.050199350733347803 -0.050199347551270139 0.050199341821974885 -0.050199348673170309 -0.050199348673171898 -0.050199348673173605 -0.050199348673173716 -0.050199344147059954 -0.050199344147061932 -0.050199344147067664 -0.050199350733353479 -0.050199350733353722 -0.050199348673173619 -0.050199347551268238 -0.050199344147070404 -0.05019934867317382 -0.050199348673171856 -0.05019935073335368 -0.050199344147069849 0.0501993418219739 -0.050199344147064034 -0.050199348673169768 -0.050199347551267474 -0.050199344147067983 -0.050199348673170274
leaf_weight=38.10525459330529 12.319444710621601 9.4589120590535369 8.3934097183519061 11.364998612087215 0.13094589207321661 0.014927531126887383 8.1592249394161591 17.318650241941214 0.02520272717811245 0.045716574881226602 0.36807703878730613 0.723845768952743 0.0083589502028197371 0.010258711612551319 0.03001623027375977 0.28980000084266144 1.4150270023383207 0.38976310635916966 0.047341936442536148 0.4046491802728277 1.5074747512117026 0.025202727178111672 0.46738614700734615 0.064591887930873781 0.050688732415437698 0.0075990456389263264 0.012308308621868491 0.018936774577014148 0.018997614097315818 0.014066638424992561
leaf_count=18042 21019 24895 13297 22079 62 29 12926 8200 43 78 628 1235 22 27 79 563 2749 665 75 1065 2572 43 908 170 24 20 21 30 50 24
internal_value=-2.756e-09 -0.0501993 -0.0501993 -0.0501993 0.0501993 -0.0501994 -0.0501993 0.0501993 -0.0501993 -0.0501993 -0.0501993 -0.0501993 -0.0501993 -0.0501993 -0.0501993 -0.0501994 -0.0501994 -0.0501993 -0.0501993 -0.0501993 -0.0501993 -0.0501993 -0.0501994 -0.0501993 0.0501993 -0.0501993 -0.0501993 -0.0501993 -0.0501993 -0.0501993
internal_weight=111.211 55.6055 45.6022 28.9832 55.6055 13.5521 16.6189 17.5003 15.4311 15.4059 15.3338 14.9657 10.0034 9.99502 9.98477 13.5372 12.78 14.2167 8.2255 9.95475 1.89724 0.749048 0.757186 0.495838 0.181635 0.0911885 0.0720915 0.0662787 0.0835895 0.0597832
internal_count=131640 105312 78984 52656 26328 26328 26328 8286 26328 26285 26162 25534 26328 26306 26279 26299 24828 24256 13031 26200 3237 1278 1471 1305 86 240 123 105 220 102
is_linear=0
shrinkage=0.05


Tree=49
num_leaves=21
num_cat=0
split_feature=1 1 1 1 4 4 4 4 4 4 4 4 4 11 12 12 11 5 15 15
split_gain=99.5991 1.42109e-14 2.13163e-14 4.61853e-14 7.10543e-15 3.55271e-15 3.55271e-15 3.55271e-15 1.77636e-15 1.77636e-15 1.77636e-15 1.77636e-15 1.77636e-15 1.77636e-15 1.77636e-15 1.77636e-15 1.11022e-16 5.55112e-17 2.77556e-17 1.38778e-17
threshold=1.5000000000000002 4.5000000000000009 3.5000000000000004 2.5000000000000004 208.50000000000003 84.500000000000014 201.00000000000003 196.00000000000003 243.50000000000003 175.00000000000003 147.50000000000003 129.50000000000003 56.500000000000007 0.25972539186477667 0.94166666269302379 0.53027823567390453 0.81693363189697277 23.500000000000004 0.57690200209617626 0.094909500330686583
decision_type=2 2 2 2 2 2 2 2 2 2 2 2 2 2 2 2 2 2 2 2
left_child=4 2 3 5 -1 13 12 -5 9 10 11 -3 14 -2 15 -4 -15 -7 19 -16
right_child=1 8 6 7 -6 17 -8 -9 -10 -11 -12 -13 -14 16 18 -17 -18 -19 -20 -21
leaf_value=0.050180304212642371 -0.050180298140580851 -0.050180301507849412 -0.050180297398926155 -0.050180302413589555 0.050180304212642371 -0.050180298140579144 -0.050180297398921304 -0.05018030241358399 -0.050180301507836811 -0.050180301507837394 -0.050180301507840586 -0.050180301507842057 -0.050180297398926058 -0.05018029814058074 -0.050180297398923469 -0.050180297398926099 -0.050180298140576465 -0.050180298140580594 -0.050180297398923636 -0.050180297398925336
leaf_weight=49.38408480444923 12.55024623428471 8.857797955395645 8.804511754657133 12.03402047822601 0.05821601813658972 0.052635780652054431 0.018521634978242996 0.016019119793782788 0.0070946167688824549 0.0074324556626387253 0.010135166812688889 0.012162200175226512 1.3767748667160056 0.89949858817271966 0.033675699960441174 4.4597851980943242 0.011465219547972083 0.20689509820658714 0.020205419976264238 0.063422568258829415
leaf_count=26297 24082 26219 15687 26293 31 101 33 35 21 22 30 36 2453 1726 60 7946 22 397 36 113
internal_value=2.71211e-09 -0.0501803 -0.0501803 -0.0501803 0.0501803 -0.0501803 -0.0501803 -0.0501803 -0.0501803 -0.0501803 -0.0501803 -0.0501803 -0.0501803 -0.0501803 -0.0501803 -0.0501803 -0.0501803 -0.0501803 -0.0501803 -0.0501803
internal_weight=98.8846 49.4423 40.5477 25.7708 49.4423 13.7207 14.7769 12.05 8.89462 8.88753 8.8801 8.86996 14.7584 13.4612 13.3816 13.2643 0.910964 0.259531 0.117304 0.0970983
internal_count=131640 105312 78984 52656 26328 26328 26328 26328 26328 26307 26285 26255 26295 25830 23842 23633 1748 498 209 173
is_linear=0
shrinkage=0.05


Tree=50
num_leaves=15
num_cat=0
split_feature=1 1 8 1 8 9 4 4 4 4 11 4 11 4
split_gain=88.5237 2.84217e-14 7.10543e-15 3.55271e-15 3.55271e-15 3.55271e-15 1.77636e-15 1.77636e-15 1.77636e-15 1.77636e-15 1.77636e-15 2.22045e-16 1.11022e-16 3.46945e-18
threshold=1.5000000000000002 3.5000000000000004 6.5000000000000009 2.5000000000000004 16.500000000000004 42.500000000000007 247.00000000000003 147.50000000000003 133.50000000000003 101.50000000000001 0.2139588072896004 45.500000000000007 0.77688786387443554 173.50000000000003
decision_type=2 2 2 2 2 2 2 2 2 2 2 2 2 2
left_child=2 3 -1 6 10 -3 7 8 9 -2 -5 -6 -12 -9
right_child=1 5 -4 4 11 -7 -8 13 -10 -11 12 -13 -14 -15
leaf_value=0.050163085331785276 -0.050163083523716769 -0.050163081481162275 0.050163085331785276 -0.050163084183912049 -0.050163084183911882 -0.050163081481162289 -0.05016308352370713 -0.050163083523710121 -0.050163083523709628 -0.050163083523715429 -0.050163084183911924 -0.050163084183911993 -0.050163084183907782 -0.050163083523712237
leaf_weight=18.883923823246732 12.089816858788247 16.891427577560538 25.09059823746793 8.0930334861623088 0.57641644868999797 4.1622818984615142 0.0092702655820183777 0.013441885093926298 0.012514858535724538 0.067209425469628381 0.82025363284628916 1.2159293306758625 0.011805139132775366 0.011124318698421121
leaf_count=11306 26083 42246 15022 19881 1416 10410 20 29 27 145 2015 2987 29 24
internal_value=-4.35619e-10 -0.0501631 0.0501631 -0.0501631 -0.0501631 -0.0501631 -0.0501631 -0.0501631 -0.0501631 -0.0501631 -0.0501631 -0.0501631 -0.0501631 -0.0501631
internal_weight=87.949 43.9745 43.9745 22.9208 10.7174 21.0537 12.2034 12.1941 12.1695 12.157 8.92509 1.79235 0.832059 0.0245662
internal_count=131640 105312 26328 52656 26328 52656 26328 26308 26255 26228 21925 4403 2044 53
is_linear=0
shrinkage=0.05


Tree=51
num_leaves=12
num_cat=0
split_feature=1 1 1 1 11 15 15 15 15 15 15
split_gain=78.707 8.52651e-14 1.42109e-14 2.4869e-14 7.10543e-15 1.77636e-15 2.77556e-17 2.77556e-17 2.77556e-17 1.38778e-17 1.38778e-17
threshold=1.5000000000000002 4.5000000000000009 3.5000000000000004 2.5000000000000004 0.0080091531854122894 0.77006497979164135 0.53639349341392528 0.87671849131584179 0.81446751952171337 0.29057700932025915 0.80177599191665661
decision_type=2 2 2 2 2 2 2 2 2 2 2
left_child=4 2 3 -2 6 -3 9 8 10 -1 -7
right_child=1 5 -4 -5 -6 7 -8 -9 -10 -11 -12
leaf_value=0.050147517145308407 -0.05014751708799299 -0.050147510208623139 -0.050147517765633233 -0.050147513557569579 0.050147517145308407 -0.050147510208622452 0.050147517145306721 -0.050147510208620794 -0.050147510208622376 0.050147517145307352 -0.050147510208620606
leaf_weight=0.066868094145319357 10.856832679593936 6.8669772699940941 11.692539262119679 9.5348558812402189 38.978155056131072 0.064692015701439121 0.029719152953475714 0.021385790314525366 0.065226660459302366 0.047550644725561142 0.019781856040935963
leaf_count=45 26328 25688 26328 26328 26231 242 20 80 244 32 74
internal_value=1.95859e-09 -0.0501475 -0.0501475 -0.0501475 0.0501475 -0.0501475 0.0501475 -0.0501475 -0.0501475 0.0501475 -0.0501475
internal_weight=78.2446 39.1223 32.0842 20.3917 39.1223 7.03806 0.144138 0.171086 0.149701 0.114419 0.0844739
internal_count=131640 105312 78984 52656 26328 26328 97 640 560 77 316
is_linear=0
shrinkage=0.05


Tree=52
num_leaves=13
num_cat=0
split_feature=1 1 1 12 4 4 4 4 12 12 15 15
split_gain=70.0022 4.26326e-14 1.77636e-14 3.55271e-15 1.77636e-15 1.77636e-15 1.77636e-15 8.88178e-16 2.22045e-16 2.22045e-16 2.77556e-17 6.93889e-18
threshold=1.5000000000000002 4.5000000000000009 2.5000000000000004 -0.30250000953674311 247.00000000000003 150.50000000000003 113.50000000000001 237.50000000000003 -0.33484849333763117 -0.46201923489570612 0.61533349752426159 0.40888862311840063
decision_type=2 2 2 2 2 2 2 2 2 2 2 2
left_child=-1 2 4 8 5 6 -2 -3 9 -4 -11 -10
right_child=1 7 3 -5 -6 -7 -8 -9 11 10 -12 -13
leaf_value=0.050133436464804365 -0.050133437376154069 -0.050133434395250136 -0.050133439735436873 -0.050133439737787278 -0.050133437376141926 -0.050133437376148782 -0.050133437376151752 -0.050133434395241996 -0.050133439758877352 -0.050133439747920554 -0.050133439737898348 -0.050133439893208322
leaf_weight=34.815026935189962 9.5987717221432796 6.25771852894104 0.85058909247163672 17.785716671030968 0.0073393521597616687 0.01688050996745083 0.038531598838745462 0.0054714893049093707 0.050048504257577231 0.18867166258860368 0.0071749894414097062 0.0081112815532833338
leaf_count=26328 26157 26305 2372 49578 20 46 105 23 139 525 20 22
internal_value=2.75113e-10 -0.0501334 -0.0501334 -0.0501334 -0.0501334 -0.0501334 -0.0501334 -0.0501334 -0.0501334 -0.0501334 -0.0501334 -0.0501334
internal_weight=69.6301 34.815 28.5518 18.8903 9.66152 9.65418 9.6373 6.26319 1.1046 1.04644 0.195847 0.0581598
internal_count=131640 105312 78984 52656 26328 26308 26262 26328 3078 2917 545 161
is_linear=0
shrinkage=0.05


Tree=53
num_leaves=10
num_cat=0
split_feature=1 1 1 1 4 4 4 4 4
split_gain=62.2774 4.9738e-14 3.55271e-14 1.06581e-14 3.55271e-15 1.77636e-15 1.77636e-15 8.88178e-16 6.93889e-18
threshold=1.5000000000000002 2.5000000000000004 4.5000000000000009 3.5000000000000004 162.50000000000003 247.00000000000003 158.50000000000003 225.50000000000003 247.00000000000003
decision_type=2 2 2 2 2 2 2 2 2
left_child=4 5 3 -3 -1 6 -2 -4 -6
right_child=1 2 7 -5 8 -7 -8 -9 -10
leaf_value=0.050120709553991331 -0.050120709629166843 -0.050120705616780559 -0.050120708697396849 -0.05012070283391671 0.050120709553991331 -0.050120709629153208 -0.050120709629158579 -0.050120708697389341 0.050120709553989201
leaf_weight=30.930062520084906 8.5824270456214418 7.552596012828876 5.5689476153929709 9.261705398792401 0.035310977837069824 0.0065327703487135782 0.0107790710753769 0.0059289176133460178 0.023540651891380548
leaf_count=26278 26275 26328 26300 26328 30 20 33 28 20
internal_value=-6.18161e-10 -0.0501207 -0.0501207 -0.0501207 0.0501207 -0.0501207 -0.0501207 -0.0501207 0.0501207
internal_weight=61.9778 30.9889 22.3892 16.8143 30.9889 8.59974 8.59321 5.57488 0.0588516
internal_count=131640 105312 78984 52656 26328 26328 26308 26328 50
is_linear=0
shrinkage=0.05


Tree=54
num_leaves=14
num_cat=0
split_feature=1 1 14 4 4 4 5 9 4 4 4 5 9
split_gain=55.4226 3.55271e-14 7.10543e-15 3.55271e-15 1.77636e-15 1.77636e-15 1.77636e-15 1.77636e-15 8.88178e-16 2.22045e-16 4.44089e-16 2.22045e-16 2.22045e-16
threshold=1.5000000000000002 2.5000000000000004 0.35910448431968695 51.500000000000007 42.500000000000007 150.50000000000003 11.500000000000002 42.500000000000007 80.500000000000014 247.00000000000003 74.500000000000014 14.500000000000002 27.500000000000004
decision_type=2 2 2 2 2 2 2 2 2 2 2 2 2
left_child=2 4 -1 -3 -2 6 7 -4 -5 10 -6 12 -8
right_child=1 3 5 8 9 -7 11 -9 -10 -11 -12 -13 -14
leaf_value=0.050109199120541605 -0.050109197127159312 -0.050109193159351799 0.050109199120541639 -0.050109193159351799 -0.050109197127159326 0.050109199120538218 0.050109199120537365 0.050109199120541417 -0.050109193159351709 -0.050109197127149778 -0.050109197127159104 0.05010919912054157 0.050109199120541514
leaf_weight=16.380655745044354 5.9248639348370515 17.353651929879565 9.0376031696796346 2.1222638027684293 1.4884137642220587 0.026198988780380073 0.020959191024304213 0.46843791939318258 0.45806978261680331 0.005816388293169549 0.23759946177597169 1.1527555063366888 0.50406854413449764
leaf_count=15631 20373 68760 8624 8409 5118 25 20 447 1815 20 817 1100 481
internal_value=2.43004e-09 -0.0501092 0.0501092 -0.0501092 -0.0501092 0.0501092 0.0501092 0.0501092 -0.0501092 -0.0501092 -0.0501092 0.0501092 0.0501092
internal_weight=55.1814 27.5907 27.5907 19.934 7.65669 11.21 11.1838 9.50604 2.58033 1.73183 1.72601 1.67778 0.525028
internal_count=131640 105312 26328 78984 26328 10697 10672 9071 10224 5955 5935 1601 501
is_linear=0
shrinkage=0.05


Tree=55
num_leaves=11
num_cat=0
split_feature=1 1 1 9 1 4 4 4 4 4
split_gain=49.3352 2.84217e-14 7.10543e-14 7.10543e-15 3.55271e-15 1.77636e-15 1.77636e-15 1.77636e-15 1.77636e-15 1.77636e-15
threshold=1.5000000000000002 2.5000000000000004 3.5000000000000004 33.500000000000007 4.5000000000000009 243.50000000000003 175.00000000000003 151.50000000000003 130.50000000000003 110.50000000000001
decision_type=2 2 2 2 2 2 2 2 2 2
left_child=3 -2 -3 -1 -4 6 7 8 9 -5
right_child=1 2 4 5 -6 -7 -8 -9 -10 -11
leaf_value=0.050098780701541001 -0.050098784813625889 -0.050098776765022848 -0.050098783245435 0.050098780701541071 -0.050098784132617757 0.050098780701536477 0.050098780701536672 0.050098780701536477 0.050098780701538684 0.050098780701539627
leaf_weight=16.390544092864733 6.8185403442475971 5.9882840670179602 7.343398690922184 8.0174892843933669 4.4201945301610976 0.019598099752330067 0.020531342597679081 0.019598099752330067 0.038262956659310343 0.06439375632908273
leaf_count=17563 26328 26328 26328 8591 26328 21 22 21 41 69
internal_value=-7.79642e-10 -0.0500988 -0.0500988 0.0500988 -0.0500988 0.0500988 0.0500988 0.0500988 0.0500988 0.0500988
internal_weight=49.1408 24.5704 17.7519 24.5704 11.7636 8.17987 8.16028 8.13974 8.12015 8.08188
internal_count=131640 105312 78984 26328 52656 8765 8744 8722 8701 8660
is_linear=0
shrinkage=0.05


Tree=56
num_leaves=17
num_cat=0
split_feature=1 1 1 4 1 15 4 4 10 10 10 10 15 15 15 15
split_gain=43.9296 1.42109e-14 8.88178e-15 3.55271e-15 1.77636e-15 1.77636e-15 8.88178e-16 8.88178e-16 8.88178e-16 2.22045e-16 1.11022e-16 1.38778e-17 1.38778e-17 1.38778e-17 1.38778e-17 3.46945e-18
threshold=1.5000000000000002 2.5000000000000004 4.5000000000000009 1.0000000180025095e-35 3.5000000000000004 0.15657775104045871 118.50000000000001 11.500000000000002 0.76282399892807018 0.92113250494003307 0.88509249687194835 0.90895751118659984 0.77006497979164135 0.64601051807403576 0.71521398425102245 0.13717799633741382
decision_type=2 2 2 2 2 2 2 2 2 2 2 2 2 2 2 2
left_child=3 6 4 -1 8 -6 -2 -4 -3 10 -10 14 13 -11 -12 -13
right_child=1 2 7 -5 5 -7 -8 -9 9 12 11 15 -14 -15 -16 -17
leaf_value=0.050089359529123384 -0.050089363706690718 -0.050089367581341575 -0.050089364530999658 0.050089359529123884 -0.050089366593621655 -0.050089366593621655 -0.050089363706689427 -0.050089364530999672 -0.050089367581341519 -0.050089367581340805 -0.050089367581340805 -0.050089367581330813 -0.050089367581330813 -0.050089367581330813 -0.050089367581335947 -0.050089367581338619
leaf_weight=0.35662789345952006 6.0398076275596422 4.2842620716546644 0.88159812963567619 21.52985037927283 2.2114715843636077 4.3297736547247041 0.033912062994204351 3.0557581989560276 0.87788269916200057 0.066048871434759349 0.066048871434759349 0.0046598897024523458 0.0046598897024523458 0.0046598897024523458 0.0089145716046914458 0.017018727608956397
leaf_count=429 26181 21146 5895 25899 8901 17427 147 20433 4333 326 326 23 23 23 44 84
internal_value=-1.31288e-09 -0.0500894 -0.0500894 0.0500894 -0.0500894 -0.0500894 -0.0500894 -0.0500894 -0.0500894 -0.0500894 -0.0500894 -0.0500894 -0.0500894 -0.0500894 -0.0500894 -0.0500894
internal_weight=43.773 21.8865 15.8128 21.8865 11.8754 6.54125 6.07372 3.93736 5.33416 1.04989 0.974525 0.0966421 0.0753687 0.0707088 0.0749634 0.0216786
internal_count=131640 105312 78984 26328 52656 26328 26328 26328 26328 5182 4810 477 372 349 370 107
is_linear=0
shrinkage=0.05


Tree=57
num_leaves=18
num_cat=0
split_feature=1 1 1 11 11 11 11 11 11 11 11 11 12 15 11 15 11
split_gain=39.1258 1.06581e-14 2.13163e-14 3.55271e-15 3.55271e-15 1.77636e-15 1.77636e-15 1.77636e-15 8.88178e-16 8.88178e-16 8.88178e-16 2.22045e-16 1.11022e-16 1.38778e-17 6.93889e-18 3.46945e-18 1.73472e-18
threshold=1.5000000000000002 3.5000000000000004 2.5000000000000004 0.060640731826424606 0.78604120016098034 0.68535470962524425 0.53890159726142894 0.18421053141355517 0.78604120016098034 0.026315789669752124 0.75858122110366832 0.035469107329845435 0.78929632902145397 0.46041800081729894 0.67505720257759105 0.33420349657535559 0.84668192267417919
decision_type=2 2 2 2 2 2 2 2 2 2 2 2 2 2 2 2 2
left_child=3 2 8 11 5 6 7 -3 9 -2 -4 -1 -13 -14 -8 -7 -6
right_child=1 4 10 -5 16 15 14 -9 -10 -11 -12 12 13 -15 -16 -17 -18
leaf_value=0.050080845654822848 -0.050080845740323635 -0.050080845851101723 -0.050080841141272474 0.050080845654823083 -0.050080845853820756 -0.050080845849600701 -0.050080845852911574 -0.050080845850342226 -0.050080845740317841 -0.050080845740323669 -0.05008084114126661 0.050080845654823014 0.050080845654822376 0.050080845654821397 -0.050080845853943658 -0.050080845851012662 -0.050080845847628057
leaf_weight=0.74138924514409399 2.5433211241033877 8.248383643323896 4.744894372561248 17.986651167157106 0.0083320512057988294 0.01649000232282638 0.030936249808292682 1.0200851609843091 0.0076048877963329478 2.8604654989612754 0.0075814336014444752 0.67176827706862241 0.07036161667201668 0.02962594386190176 0.0039887252205517134 0.0042552091763354829 0.0034578908380353832
leaf_count=1001 12374 46495 26286 24285 46 94 172 5783 37 13917 42 907 95 40 22 24 20
internal_value=4.91188e-10 -0.0500808 -0.0500808 0.0500808 -0.0500808 -0.0500808 -0.0500808 -0.0500808 -0.0500808 -0.0500808 -0.0500808 0.0500808 0.0500808 0.0500808 -0.0500808 -0.0500808 -0.0500808
internal_weight=38.9996 19.4998 10.1639 19.4998 9.33593 9.32414 9.30339 9.26847 5.41139 5.40379 4.75248 1.51315 0.771756 0.0999876 0.034925 0.0207452 0.0117899
internal_count=131640 105312 52656 26328 52656 52590 52472 52278 26328 26291 26328 2043 1042 135 194 118 66
is_linear=0
shrinkage=0.05


Tree=58
num_leaves=8
num_cat=0
split_feature=1 1 1 11 1 14 14
split_gain=34.8573 2.84217e-14 2.66454e-14 3.55271e-15 1.77636e-15 1.77636e-15 1.77636e-15
threshold=1.5000000000000002 4.5000000000000009 2.5000000000000004 0.28947368264198309 3.5000000000000004 0.62426471710205089 0.60674849152565014
decision_type=2 2 2 2 2 2 2
left_child=3 2 -2 5 -4 -1 -5
right_child=1 -3 4 6 -6 -7 -8
leaf_value=0.050073142180674046 -0.050073144747473035 -0.050073147324563465 -0.050073141008047828 0.050073142180674074 -0.050073139506878167 0.050073142180673207 0.050073142180673928
leaf_weight=8.4948325215373188 4.8225087427999851 3.1262446988839647 4.2352979227434826 8.1463265719357842 5.1937221939442679 0.10296766692772585 0.63364718109369356
leaf_count=12870 26328 26328 26328 12342 26328 156 960
internal_value=2.75584e-10 -0.0500731 -0.0500731 0.0500731 -0.0500731 0.0500731 0.0500731
internal_weight=34.7555 17.3778 14.2515 17.3778 9.42902 8.5978 8.77997
internal_count=131640 105312 78984 26328 52656 13026 13302
is_linear=0
shrinkage=0.05


Tree=59
num_leaves=18
num_cat=0
split_feature=1 1 1 1 11 11 11 11 11 12 12 12 12 11 15 11 14
split_gain=31.0602 1.24345e-14 2.13163e-14 3.55271e-15 1.77636e-15 8.88178e-16 8.88178e-16 8.88178e-16 4.44089e-16 2.22045e-16 2.22045e-16 1.38778e-17 3.46945e-18 1.73472e-18 3.46945e-18 1.73472e-18 1.73472e-18
threshold=1.5000000000000002 4.5000000000000009 2.5000000000000004 3.5000000000000004 0.26430206000804907 0.71510297060012828 0.014874142128974201 0.69679635763168346 0.67505720257759105 0.90454545617103588 0.80614078044891369 0.87817153334617626 0.76080632209777843 0.81693363189697277 0.37769448757171636 0.79061785340309154 0.52704679965972911
decision_type=2 2 2 2 2 2 2 2 2 2 2 2 2 2 2 2 2
left_child=4 2 5 8 -1 -2 -3 -5 -4 10 -8 -12 -10 14 -7 -9 -14
right_child=1 6 3 7 -6 13 9 15 12 -11 11 -13 16 -15 -16 -17 -18
leaf_value=0.050066166273197869 -0.05006617165090247 -0.050066172471633058 -0.050066166375322844 -0.050066167818968811 0.050066166273197904 -0.050066171650896919 -0.050066172471633065 -0.050066167818963205 -0.050066166375313151 -0.050066172471609209 -0.050066172471632191 -0.050066172471616203 -0.050066166375316828 -0.050066171650888516 -0.050066171650888516 -0.050066167818959631 -0.050066166375307641
leaf_weight=7.129745933169036 4.2831887972715768 1.0324365622727776 3.7587804876966389 4.6158767083543353 8.3593167723738571 0.0079998571018221609 1.6861895756155711 0.0079123286559478201 0.0045882500708102061 0.0023284063936445101 0.062549462665629219 0.0029634263191837809 0.0083162032533437014 0.0035917725763283679 0.0035917725763283679 0.0054507152963196867 0.0032978047383949169
leaf_count=12119 26235 9755 26215 26252 14209 49 15932 45 32 22 591 28 58 22 22 31 23
internal_value=-6.18376e-10 -0.0500662 -0.0500662 -0.0500662 0.0500662 -0.0500662 -0.0500662 -0.0500662 -0.0500662 -0.0500662 -0.0500662 -0.0500662 -0.0500662 -0.0500662 -0.0500662 -0.0500662 -0.0500662
internal_weight=30.9781 15.4891 12.7026 8.40422 15.4891 4.29837 2.78647 4.62924 3.77498 1.75403 1.7517 0.0655129 0.0162023 0.0151834 0.0115916 0.013363 0.011614
internal_count=131640 105312 78984 52656 26328 26328 26328 26328 26328 16573 16551 619 113 93 71 76 81
is_linear=0
shrinkage=0.05


Tree=60
num_leaves=14
num_cat=0
split_feature=1 1 1 4 4 12 4 8 4 14 14 4 4
split_gain=27.6842 1.06581e-14 1.15463e-14 3.55271e-15 1.77636e-15 1.77636e-15 8.88178e-16 4.44089e-16 5.55112e-17 2.77556e-17 2.77556e-17 6.93889e-18 6.93889e-18
threshold=1.5000000000000002 3.5000000000000004 2.5000000000000004 187.50000000000003 46.500000000000007 0.90454545617103588 62.500000000000007 9.5000000000000018 120.50000000000001 0.10380747169256212 0.57259953022003185 270.00000000000006 239.50000000000003
decision_type=2 2 2 2 2 2 2 2 2 2 2 2 2
left_child=3 2 -2 4 5 -1 -3 9 -8 -6 -11 12 -10
right_child=1 6 -4 -5 7 -7 8 -9 11 10 -12 -13 -14
leaf_value=0.050059866875689321 -0.050059865733995602 -0.050059866751990936 -0.050059861294217668 0.050059866875684728 0.05005986687568427 0.050059866875687711 -0.050059866751990839 0.050059866875689286 -0.050059866751989451 0.050059866875689009 0.050059866875685644 -0.050059866751976295 -0.05005986675197336
leaf_weight=11.301382201607336 3.8321412230143306 6.998882187253912 2.4842283503967337 0.019406466861256244 0.022028962383047967 0.055596905061975899 0.4539184763416414 2.2285966944182292 0.033581429597688839 0.16836421249900013 0.013636976713314652 0.0034150606370531014 0.0028458838642109177
leaf_count=21547 26328 49186 26328 37 42 106 3190 4249 236 321 26 24 20
internal_value=3.46805e-10 -0.0500599 -0.0500599 0.0500599 0.0500599 0.0500599 -0.0500599 0.0500599 -0.0500599 0.0500599 0.0500599 -0.0500599 -0.0500599
internal_weight=27.618 13.809 6.31637 13.809 13.7896 11.357 7.49264 2.43263 0.493761 0.20403 0.182001 0.0398424 0.0364273
internal_count=131640 105312 52656 26328 26291 21653 52656 4638 3470 389 347 280 256
is_linear=0
shrinkage=0.05


Tree=61
num_leaves=31
num_cat=0
split_feature=1 1 5 10 5 11 15 9 11 14 1 14 14 15 15 11 11 11 11 9 11 9 15 11 11 11 12 12 15 15
split_gain=24.6817 2.84217e-14 3.55271e-15 3.55271e-15 1.77636e-15 1.77636e-15 1.77636e-15 4.44089e-16 5.55112e-17 5.55112e-17 2.77556e-17 2.77556e-17 2.77556e-17 2.77556e-17 2.77556e-17 1.38778e-17 1.38778e-17 1.38778e-17 1.38778e-17 6.93889e-18 6.93889e-18 3.46945e-18 3.46945e-18 1.73472e-18 1.73472e-18 1.73472e-18 1.73472e-18 1.73472e-18 1.73472e-18 1.73472e-18
threshold=1.5000000000000002 4.5000000000000009 60.500000000000007 0.90895751118659984 55.500000000000007 0.34210526943206793 0.74424099922180187 83.500000000000014 0.78604120016098034 0.31726674735546118 3.5000000000000004 0.57627877593040477 0.57259953022003185 0.60750702023506176 0.5597749948501588 0.39931350946426397 0.24370709806680682 0.32379862666130071 0.078947369009256377 127.50000000000001 0.058352401480078704 102.50000000000001 0.40122933685779577 0.8615560531616212 0.81693363189697277 0.2185354679822922 0.66699671745300304 0.51362434029579174 0.30850949883461004 0.17100675404071811
decision_type=2 2 2 2 2 2 2 2 2 2 2 2 2 2 2 2 2 2 2 2 2 2 2 2 2 2 2 2 2 2
left_child=2 3 4 5 6 -2 -1 -3 9 -7 15 12 13 14 -11 16 -5 18 20 21 -12 -9 28 24 -10 26 27 -20 29 -13
right_child=1 7 -4 10 -6 8 -8 19 23 11 17 22 -14 -15 -16 -17 -18 -19 25 -21 -22 -23 -24 -25 -26 -27 -28 -29 -30 -31
leaf_value=0.050054169741605585 -0.050054162111605328 -0.050054167878872284 0.050054169741596932 -0.050054161564003267 0.050054169741598264 -0.050054162086568946 0.050054169741605418 -0.050054167878869897 -0.050054162271213558 -0.050054162097869975 -0.050054162947712422 -0.050054161971580684 -0.050054162067310892 -0.050054162075158504 -0.050054162098922918 -0.050054161564969196 -0.050054161563385283 -0.050054162947698648 -0.050054162947705032 -0.050054167878862757 -0.050054162947702367 -0.050054167878867066 -0.050054161991186855 -0.050054161760392672 -0.050054162146005811 -0.050054162947696483 -0.050054162947696483 -0.050054162947696504 -0.050054162195862242 -0.050054162038981102
leaf_weight=11.715482030995187 8.8298787796229536 2.9677993020595745 0.010289867641405048 0.093958158344322196 0.012160752667114916 0.13728813509806137 0.57623258791863996 0.018580806077807099 0.0051919424367952161 0.13077267564221984 0.044452768110204488 0.0056966686097439378 0.0026900402444880447 0.0094537142940680496 0.0065040792323998167 0.0024303159079863681 0.0060887972285854621 0.0033549258951097718 0.0058711203164421022 0.0052436630649026475 0.0044732345268130294 0.0095753847272135317 0.0040778053444228144 0.0029481582023436212 0.0033233460053452291 0.002935560158221052 0.002935560158221052 0.0029355601582210511 0.0024476035687257544 0.0032577088713878766
leaf_count=25048 74896 26035 22 879 26 1160 1232 163 41 1106 318 50 23 79 54 24 55 24 42 46 32 84 36 26 28 21 21 21 20 28
internal_value=1.94452e-09 -0.0500542 0.0500542 -0.0500542 0.0500542 -0.0500542 0.0500542 -0.0500542 -0.0500542 -0.0500542 -0.0500542 -0.0500542 -0.0500542 -0.0500542 -0.0500542 -0.0500542 -0.0500542 -0.0500542 -0.0500542 -0.0500542 -0.0500542 -0.0500542 -0.0500542 -0.0500542 -0.0500542 -0.0500542 -0.0500542 -0.0500542 -0.0500542 -0.0500542
internal_weight=24.6283 12.3142 12.3142 9.31297 12.3039 9.14353 12.2917 3.0012 0.313652 0.302188 0.169436 0.1649 0.149421 0.14673 0.137277 0.102477 0.100047 0.0669587 0.0636038 0.0333999 0.048926 0.0281562 0.0154798 0.0114634 0.00851529 0.0146778 0.0117422 0.00880668 0.011402 0.00895438
internal_count=131640 105312 26328 78984 26306 77547 26280 26328 2651 2556 1437 1396 1262 1239 1160 958 934 479 455 293 350 247 134 95 69 105 84 63 98 78
is_linear=0
shrinkage=0.05


Tree=62
num_leaves=21
num_cat=0
split_feature=1 1 1 1 11 12 14 11 12 11 11 12 12 15 15 15 11 15 11 11
split_gain=22.0085 1.24345e-14 7.10543e-15 1.77636e-15 1.77636e-15 1.77636e-15 8.88178e-16 4.44089e-16 4.44089e-16 2.22045e-16 2.22045e-16 2.22045e-16 2.77556e-17 1.38778e-17 1.38778e-17 1.38778e-17 3.46945e-18 3.46945e-18 1.73472e-18 1.73472e-18
threshold=1.5000000000000002 4.5000000000000009 3.5000000000000004 2.5000000000000004 0.93478259444236766 0.83186000585556041 0.1490740776062012 0.6121281385421754 -0.40263158082962031 0.77688786387443554 0.50915330648422252 0.86391410231590282 -0.63611111044883717 0.47484150528907781 0.37260299921035772 0.31547825038433081 0.63501143455505382 0.5597749948501588 0.79061785340309154 0.68306636810302745
decision_type=2 2 2 2 2 2 2 2 2 2 2 2 2 2 2 2 2 2 2 2
left_child=4 2 3 8 5 -1 -4 -3 12 10 -5 -7 -2 14 15 -6 -12 -15 -9 -18
right_child=1 7 6 9 13 11 -8 18 -10 -11 16 -13 -14 17 -16 -17 19 -19 -20 -21
leaf_value=0.050049001837420649 -0.050049002653175856 -0.050049005070047725 -0.05004899893586634 -0.050049001024813668 0.050049001837419366 0.050049001837420497 -0.050048998935866333 -0.050049005070043964 -0.050049002653176425 -0.050049001024792518 -0.050049001024807464 0.050049001837420559 -0.050049002653176022 0.050049001837416209 0.050049001837417652 0.05004900183741702 -0.050049001024798527 0.050049001837415653 -0.050049005070028775 -0.050049001024804009
leaf_weight=9.7804792067036015 0.087516923871589825 2.6622592863277528 2.1351671626034663 1.9557408687978743 0.069246760569513621 0.53019658243283696 1.1472502762044312 0.011793404002673813 2.90449685177009 0.0026265657652403398 0.0089303236018168919 0.55105404043570161 0.055797827124478672 0.01126302732154727 0.016685966402292252 0.013765922281891108 0.0033019683905877173 0.010011579841375351 0.0026433491730131218 0.0051780867943307385
leaf_count=23446 756 26186 17126 26061 166 1271 9202 116 25090 35 119 1321 482 27 40 33 44 24 26 69
internal_value=4.36053e-10 -0.050049 -0.050049 -0.050049 0.050049 0.050049 -0.050049 -0.050049 -0.050049 -0.050049 -0.050049 0.050049 -0.050049 0.050049 0.050049 0.050049 -0.050049 0.050049 -0.050049 -0.050049
internal_weight=21.9654 10.9827 8.30601 5.02359 10.9827 10.8617 3.28242 2.6767 3.04781 1.97578 1.97315 1.08125 0.143315 0.120973 0.0996986 0.0830127 0.0174104 0.0212746 0.0144368 0.00848006
internal_count=131640 105312 78984 52656 26328 26038 26328 26328 26328 26328 26293 2592 1238 290 239 199 232 51 142 113
is_linear=0
shrinkage=0.05


Tree=63
num_leaves=18
num_cat=0
split_feature=1 1 1 11 11 14 15 11 11 11 14 15 15 15 15 11 11
split_gain=19.6298 1.59872e-14 8.88178e-15 1.77636e-15 1.77636e-15 1.77636e-15 1.77636e-15 8.88178e-16 4.44089e-16 4.44089e-16 1.11022e-16 1.11022e-16 5.55112e-17 2.77556e-17 2.77556e-17 1.73472e-18 8.67362e-19
threshold=1.5000000000000002 3.5000000000000004 4.5000000000000009 0.8615560531616212 0.84668192267417919 0.55250626802444469 0.78951901197433483 0.7391304373741151 0.75858122110366832 0.69221967458724987 0.63538610935211193 0.71521398425102245 0.80177599191665661 0.56298616528511058 0.55298224091529857 0.8615560531616212 0.79061785340309154
decision_type=2 2 2 2 2 2 2 2 2 2 2 2 2 2 2 2 2
left_child=3 7 8 4 5 6 -1 -2 -3 -4 11 -7 -8 -5 -12 -9 -11
right_child=1 2 9 13 -6 10 12 15 -10 16 14 -13 -14 -15 -16 -17 -18
leaf_value=0.050044332387560113 -0.050044337535653072 -0.050044331646377817 -0.050044335678809587 0.050044332387559599 0.050044332387558892 0.050044332387559967 0.050044332387557726 -0.050044337540024658 -0.050044331646368546 -0.050044335678800539 0.050044332387559821 0.050044332387557344 0.050044332387559856 0.05004433238755529 0.050044332387556734 -0.050044337538575456 -0.050044335678788389
leaf_weight=8.326456652866904 4.4695987804152519 2.9234099725726996 2.3805822437861939 0.17936769191874269 0.073682163900230857 0.73793803542503233 0.037585346231936323 0.0097864023628061458 0.0047824473585932328 0.0048975709069053455 0.18383327760966495 0.018234474904602394 0.21509237744612619 0.010419699945487082 0.014885285636410117 0.0020789241025340752 0.0023580896959174424
leaf_count=22375 52520 26285 26248 482 198 1983 101 112 43 54 494 49 578 28 40 24 26
internal_value=0 -0.0500443 -0.0500443 0.0500443 0.0500443 0.0500443 0.0500443 -0.0500443 -0.0500443 -0.0500443 0.0500443 0.0500443 0.0500443 0.0500443 0.0500443 -0.0500443 -0.0500443
internal_weight=19.595 9.79749 5.31603 9.7975 9.60771 9.53403 8.57913 4.48146 2.92819 2.38784 0.954891 0.756173 0.252678 0.189787 0.198719 0.0118653 0.00725566
internal_count=131640 105312 52656 26328 25818 25620 23054 52656 26328 26328 2566 2032 679 510 534 136 80
is_linear=0
shrinkage=0.05


Tree=64
num_leaves=12
num_cat=0
split_feature=2 1 1 1 11 12 11 11 11 11 20
split_gain=17.5116 3.55271e-14 7.10543e-15 8.88178e-16 4.44089e-16 4.44089e-16 2.22045e-16 2.22045e-16 2.22045e-16 2.22045e-16 3.46945e-18
threshold=1.0000000180025095e-35 3.5000000000000004 4.5000000000000009 2.5000000000000004 0.79061785340309154 -0.94166666269302357 0.79061785340309154 0.74485126137733471 0.68764302134513866 0.66475972533226024 0.7749999761581422
decision_type=2 2 2 2 2 2 2 2 2 2 2
left_child=1 3 -3 4 -1 10 7 8 9 -5 -4
right_child=-2 2 5 6 -6 -7 -8 -9 -10 -11 -12
leaf_value=-0.050040113708149064 0.050040110120512675 -0.050040106126529753 -0.05004010978986987 -0.050040114726961918 -0.050040113708134021 -0.050040109789872694 -0.050040114726924725 -0.050040114726919653 -0.050040114726940789 -0.050040114726931928 -0.050040109789865617
leaf_weight=2.4229851551353936 8.7417839728295803 2.6126704687485471 0.023467671198887152 1.5653510794145398 0.0029485672712324931 2.1000328802838339 0.0014933136299078989 0.0013141159943189642 0.0026282319886378183 0.0018517089010857682 0.0070403013596660449
leaf_count=26296 26328 26328 290 26206 32 25951 25 22 44 31 87
internal_value=1.09567e-09 -0.0500401 -0.0500401 -0.0500401 -0.0500401 -0.0500401 -0.0500401 -0.0500401 -0.0500401 -0.0500401 -0.0500401
internal_weight=17.4836 8.74178 4.74321 3.99857 2.42593 2.13054 1.57264 1.57115 1.56983 1.5672 0.030508
internal_count=131640 105312 52656 52656 26328 26328 26328 26303 26281 26237 377
is_linear=0
shrinkage=0.05


Tree=65
num_leaves=19
num_cat=0
split_feature=1 1 1 1 11 11 11 11 11 11 11 11 11 11 15 15 11 15
split_gain=15.6251 3.19744e-14 1.06581e-14 8.88178e-16 8.88178e-16 8.88178e-16 2.22045e-16 2.22045e-16 2.22045e-16 2.22045e-16 2.22045e-16 2.22045e-16 2.22045e-16 2.22045e-16 2.22045e-16 2.77556e-17 4.33681e-19 4.33681e-19
threshold=1.5000000000000002 2.5000000000000004 4.5000000000000009 3.5000000000000004 0.8615560531616212 0.48627002537250524 0.81693363189697277 0.75858122110366832 0.71510297060012828 0.64073225855827343 0.54118990898132335 0.52745994925498974 0.78604120016098034 0.68306636810302745 0.060007499530911453 0.49966150522232061 0.67505720257759105 0.33668430149555212
decision_type=2 2 2 2 2 2 2 2 2 2 2 2 2 2 2 2 2 2
left_child=4 -2 3 6 5 -1 7 8 9 10 11 -3 13 14 -4 -6 -11 -12
right_child=1 2 12 -5 15 -7 -8 -9 -10 16 17 -13 -14 -15 -16 -17 -18 -19
leaf_value=0.050036292745635091 -0.050036285993606447 -0.050036290589241111 -0.050036296066282154 -0.050036291857855533 0.050036292745634772 0.050036292745635071 -0.050036290589188993 -0.050036290589193733 -0.050036290589201018 -0.050036290589197674 -0.050036290589219837 -0.050036290589207492 -0.050036296066258173 -0.050036296066270372 -0.050036296066282182 0.050036292745631851 -0.050036290589220246 -0.05003629058919417
leaf_weight=5.8651393573964015 2.3315634830505587 1.3907989955223445 0.40628830224159118 2.1649184638517909 0.13570949912536878 1.7849651151336727 0.001066113982233329 0.0011727253804566509 0.0013859481769032947 0.0012793367786799728 0.0026119792564714963 0.0016524766724615994 0.0023109181784094482 0.004694052549894078 1.4880146583163876 0.015408065402880311 0.0023987564600247424 0.0010661139822332188
leaf_count=19794 26328 26091 5626 26328 458 6024 20 22 26 24 49 31 32 65 20605 52 45 20
internal_value=0 -0.0500363 -0.0500363 -0.0500363 0.0500363 0.0500363 -0.0500363 -0.0500363 -0.0500363 -0.0500363 -0.0500363 -0.0500363 -0.0500363 -0.0500363 -0.0500363 0.0500363 -0.0500363 -0.0500363
internal_weight=15.6024 7.80122 5.46966 3.56835 7.80122 7.6501 1.40343 1.40237 1.40119 1.39981 1.39613 1.39245 1.90131 1.899 1.8943 0.151118 0.00367809 0.00367809
internal_count=131640 105312 78984 52656 26328 25818 26328 26308 26286 26260 26191 26122 26328 26296 26231 510 69 69
is_linear=0
shrinkage=0.05


Tree=66
num_leaves=10
num_cat=0
split_feature=1 1 11 1 1 11 12 12 11
split_gain=13.9451 3.55271e-15 1.77636e-15 8.88178e-16 8.88178e-16 2.22045e-16 4.44089e-16 2.22045e-16 2.77556e-17
threshold=1.5000000000000002 4.5000000000000009 0.0034324941225349907 2.5000000000000004 3.5000000000000004 0.77688786387443554 0.72948148846626293 0.44142156839370733 0.65789473056793224
decision_type=2 2 2 2 2 2 2 2 2
left_child=2 3 -1 7 -5 6 -3 -2 -8
right_child=1 5 -4 4 -6 -7 8 -9 -10
leaf_value=0.050032835594569496 -0.050032836970513112 -0.050032835221480831 0.050032835594576802 -0.050032839037641053 -0.050032837154040888 -0.050032835221459827 -0.050032835221480602 -0.050032836970513098 -0.050032835221466759
leaf_weight=0.0060831975715699418 1.0952417740918461 1.4742125235352426 6.9573266139195766 1.2527106820489282 2.081164941075258 0.0026428820929141885 0.21671633161895454 0.83717515582975455 0.0035453296368359579
leaf_count=23 14922 22870 26305 26328 26328 41 3362 11406 55
internal_value=0 -0.0500328 0.0500328 -0.0500328 -0.0500328 -0.0500328 -0.0500328 -0.0500328 -0.0500328
internal_weight=13.9268 6.96341 6.96341 5.26629 3.33388 1.69712 1.69447 1.93242 0.220262
internal_count=131640 105312 26328 78984 52656 26328 26287 26328 3417
is_linear=0
shrinkage=0.05


Tree=67
num_leaves=8
num_cat=0
split_feature=1 1 11 11 11 11 11
split_gain=12.4475 8.88178e-16 8.88178e-16 2.22045e-16 2.22045e-16 3.46945e-18 4.33681e-19
threshold=1.5000000000000002 4.5000000000000009 0.78604120016098034 0.7391304373741151 0.47482837736606603 0.65789473056793224 0.79061785340309154
decision_type=2 2 2 2 2 2 2
left_child=2 -2 -1 4 -3 -6 -5
right_child=1 3 -4 6 5 -7 -8
leaf_value=0.050029712568342447 -0.050029710289533215 -0.050029710151066255 0.050029712568342322 -0.050029710151034107 -0.050029710151061425 -0.050029710151052231 -0.050029710151032837
leaf_weight=5.8763423849595711 4.7013006538327318 1.4968008038922556 0.3400005237199365 0.0017263474728680386 0.011451438236690703 0.0035677847772603863 0.0014961678098188713
leaf_count=24888 78984 26011 1440 30 199 62 26
internal_value=0 -0.0500297 0.0500297 -0.0500297 -0.0500297 -0.0500297 -0.0500297
internal_weight=12.4327 6.21634 6.21634 1.51504 1.51182 0.0150192 0.00322252
internal_count=131640 105312 26328 26328 26272 261 56
is_linear=0
shrinkage=0.05


Tree=68
num_leaves=6
num_cat=0
split_feature=1 1 1 12 1
split_gain=11.1132 2.57572e-14 7.99361e-15 8.88178e-16 4.44089e-16
threshold=1.5000000000000002 4.5000000000000009 3.5000000000000004 0.77508386969566356 2.5000000000000004
decision_type=2 2 2 2 2
left_child=3 2 4 -1 -2
right_child=1 -3 -4 -5 -6
leaf_value=0.050026884620526846 -0.050026880837861311 -0.050026887129564712 -0.050026876427900428 0.050026884620526825 -0.050026881483209412
leaf_weight=4.1047778561187442 1.5403537431266161 1.3527930911513975 1.658922786300536 1.4458431708917485 0.99855140643194307
leaf_count=19470 26328 26328 26328 6858 26328
internal_value=1.72559e-09 -0.0500269 -0.0500269 0.0500269 -0.0500269
internal_weight=11.1012 5.55062 4.19783 5.55062 2.53891
internal_count=131640 105312 78984 26328 52656
is_linear=0
shrinkage=0.05


Tree=69
num_leaves=20
num_cat=0
split_feature=1 1 1 1 4 5 9 5 9 9 9 9 9 10 9 9 10 9 10
split_gain=9.92319 1.77636e-15 2.66454e-15 8.88178e-16 8.88178e-16 4.44089e-16 4.44089e-16 2.22045e-16 2.22045e-16 2.22045e-16 2.22045e-16 2.22045e-16 1.11022e-16 1.11022e-16 3.46945e-18 1.73472e-18 1.73472e-18 4.33681e-19 4.33681e-19
threshold=1.5000000000000002 2.5000000000000004 3.5000000000000004 4.5000000000000009 239.50000000000003 62.000000000000007 140.50000000000003 53.000000000000007 112.50000000000001 124.50000000000001 105.50000000000001 79.500000000000014 135.50000000000003 0.77386152744293224 99.500000000000014 92.500000000000014 0.46688599884510046 144.50000000000003 0.060405500233173377
decision_type=2 2 2 2 2 2 2 2 2 2 2 2 2 2 2 2 2 2 2
left_child=4 5 12 9 -1 7 -5 8 -2 10 11 -4 13 -3 15 16 -13 -11 -12
right_child=1 2 3 6 -6 -7 -8 -9 -10 17 18 14 -14 -15 -16 -17 -18 -19 -20
leaf_value=0.050024316323681019 -0.050024322792551403 -0.05002431794031334 -0.050024321978713066 -0.050024320581657893 0.050024316323670305 -0.050024322792502053 -0.050024320581614705 -0.050024322792528456 -0.050024322792528456 -0.050024321978675117 -0.050024321978662467 -0.050024321978706224 -0.050024317940265822 -0.050024317940313104 -0.050024321978682167 -0.050024321978687183 -0.050024321978678857 -0.050024321978676262 -0.050024321978690812
leaf_weight=4.9526287499757018 1.4754732264118493 0.73205708171735784 1.3562751506979105 1.2067756186297627 0.0041419384360777958 0.001125370472436881 0.0012847801262979566 0.0024195465157391674 0.0024195465157391674 0.0014629109064118176 0.0010971831798088907 0.0080982568033506341 0.0010499569507373954 0.15861123871945892 0.0016196513606701055 0.0019331322691868999 0.0014629109064117083 0.0013584172702394426 0.0022466131777036935
leaf_count=26306 26222 21614 25959 26300 22 20 28 43 43 28 21 155 31 4683 31 37 28 26 43
internal_value=-1.93232e-09 -0.0500243 -0.0500243 -0.0500243 0.0500243 -0.0500243 -0.0500243 -0.0500243 -0.0500243 -0.0500243 -0.0500243 -0.0500243 -0.0500243 -0.0500243 -0.0500243 -0.0500243 -0.0500243 -0.0500243 -0.0500243
internal_weight=9.91354 4.95677 3.47533 2.58361 4.95677 1.48144 1.20806 1.48031 1.47789 1.37555 1.37273 1.36939 0.891718 0.890668 0.013114 0.0114943 0.00956117 0.00282133 0.0033438
internal_count=131640 105312 78984 52656 26328 26328 26328 26308 26265 26328 26274 26210 26328 26297 251 220 183 54 64
is_linear=0
shrinkage=0.05


Tree=70
num_leaves=15
num_cat=0
split_feature=1 1 1 1 4 4 4 4 9 9 9 9 9 9
split_gain=8.86255 7.10543e-15 1.33227e-15 8.88178e-16 8.88178e-16 2.22045e-16 2.22045e-16 2.22045e-16 2.22045e-16 2.22045e-16 1.73472e-18 1.73472e-18 1.73472e-18 1.73472e-18
threshold=1.5000000000000002 4.5000000000000009 3.5000000000000004 2.5000000000000004 183.50000000000003 232.50000000000003 156.50000000000003 141.50000000000003 77.500000000000014 75.500000000000014 103.50000000000001 97.500000000000014 91.500000000000014 87.500000000000014
decision_type=2 2 2 2 2 2 2 2 2 2 2 2 2 2
left_child=4 2 3 -2 -1 6 7 8 9 -3 11 12 13 -10
right_child=1 5 -4 -5 -6 -7 -8 -9 10 -11 -12 -13 -14 -15
leaf_value=0.050022010159720111 -0.05002200495386519 -0.050022009275052043 -0.050022003231921963 -0.050022006636022881 0.050022010159713172 -0.050022009275001847 -0.050022009275003637 -0.050022009275010972 -0.050022009275044146 -0.0500220092750321 -0.050022009275025474 -0.050022009275006787 -0.050022009275019874 -0.050022009275025495
leaf_weight=4.4209875316300895 1.3232172542775518 1.0591597467828238 1.228642427333398 0.79648107897082798 0.0063901683606671913 0.0011065786929976831 0.0011475630890346302 0.001352485069219366 0.0070493161183550201 0.0027869389305125161 0.0018852822176995696 0.0011065786929975738 0.0015574070494039924 0.0018852822176995687
leaf_count=26290 26328 25843 26328 26328 38 27 28 33 172 68 46 27 38 46
internal_value=8.11265e-10 -0.050022 -0.050022 -0.050022 0.050022 -0.050022 -0.050022 -0.050022 -0.050022 -0.050022 -0.050022 -0.050022 -0.050022 -0.050022
internal_weight=8.85476 4.42738 3.34834 2.1197 4.42738 1.07904 1.07793 1.07678 1.07543 1.06195 0.0134839 0.0115986 0.010492 0.0089346
internal_count=131640 105312 78984 52656 26328 26328 26301 26273 26240 25911 329 283 256 218
is_linear=0
shrinkage=0.05


Tree=71
num_leaves=22
num_cat=0
split_feature=1 1 1 11 11 11 11 11 11 11 11 11 11 14 14 11 15 15 11 11 11
split_gain=7.9166 4.44089e-15 1.33227e-15 4.44089e-16 2.22045e-16 2.22045e-16 2.22045e-16 2.22045e-16 2.22045e-16 2.22045e-16 2.22045e-16 2.22045e-16 1.11022e-16 1.11022e-16 1.11022e-16 6.93889e-18 6.93889e-18 6.93889e-18 8.67362e-19 8.67362e-19 4.33681e-19
threshold=1.5000000000000002 2.5000000000000004 4.5000000000000009 0.93478259444236766 0.79061785340309154 0.7391304373741151 0.59610983729362499 0.48169337213039404 0.46681921184062963 0.3077803254127503 0.3032036572694779 0.3009153306484223 0.69221967458724987 0.094228636473417296 0.092820324003696456 0.45423340797424322 0.5233532488346101 0.44696274399757391 0.69679635763168346 0.48855835199356085 0.78604120016098034
decision_type=2 2 2 2 2 2 2 2 2 2 2 2 2 2 2 2 2 2 2 2 2
left_child=3 4 -3 -1 5 6 7 8 9 10 11 -2 13 14 -4 -11 17 -5 -8 -9 -14
right_child=1 2 12 16 -6 -7 18 19 -10 15 -12 -13 20 -15 -16 -17 -18 -19 -20 -21 -22
leaf_value=0.050019910987087052 -0.050019912430680248 -0.050019909298730458 -0.050019907411409451 0.050019910987085782 -0.050019912430641578 -0.050019912430652125 -0.050019912430666336 -0.050019912430626458 -0.050019912430657745 -0.050019912430678853 -0.050019912430634417 -0.050019912430640336 -0.050019907411381098 -0.050019907411409416 -0.050019907411386004 -0.050019912430651695 0.050019910987076976 0.050019910987074749 -0.050019912430645408 -0.05001991243066875 -0.050019907411366839
leaf_weight=3.9115822720923465 1.1207501178214427 1.8091212046856529 0.52653083065160888 0.034551959543023147 0.0014367440016941338 0.0019755230023293926 0.0039959442547116133 0.0010326597512176896 0.0024694037529117132 0.04027373029748571 0.0012122527514294426 0.0013918457516411955 0.0017574215889908365 0.43236232384151663 0.0021235510866972609 0.0017510317520645904 0.0049574550648685536 0.0040560995985288164 0.0014367440016940236 0.0043551302551350091 0.0011716143926605582
leaf_count=26038 24962 52656 14381 230 32 44 89 23 55 897 27 31 48 11809 58 39 33 27 32 97 32
internal_value=-1.21084e-09 -0.0500199 -0.0500199 0.0500199 -0.0500199 -0.0500199 -0.0500199 -0.0500199 -0.0500199 -0.0500199 -0.0500199 -0.0500199 -0.0500199 -0.0500199 -0.0500199 -0.0500199 0.0500199 0.0500199 -0.0500199 -0.0500199 -0.0500199
internal_weight=7.9103 3.95515 2.77307 3.95515 1.18208 1.18064 1.17867 1.17324 1.16785 1.16538 1.12335 1.12214 0.963946 0.961017 0.528654 0.0420248 0.0435655 0.0386081 0.00543269 0.00538779 0.00292904
internal_count=131640 105312 78984 26328 26328 26296 26252 26131 26011 25956 25020 24993 26328 26248 14439 936 290 257 121 120 80
is_linear=0
shrinkage=0.05


Tree=72
num_leaves=8
num_cat=0
split_feature=1 4 4 8 4 4 11
split_gain=7.07276 8.88178e-16 4.44089e-16 1.11022e-16 2.77556e-17 2.77556e-17 1.73472e-18
threshold=1.5000000000000002 63.500000000000007 9.5000000000000018 5.5000000000000009 259.50000000000006 198.00000000000003 0.62585809826850902
decision_type=2 2 2 2 2 2 2
left_child=2 -2 3 -1 5 -3 -5
right_child=1 4 -4 6 -6 -7 -8
leaf_value=0.050018018689999937 -0.050018015302253416 -0.050018015302253228 0.050018018690000027 0.050018018689991763 -0.050018015302231537 -0.050018015302231537 0.050018018689981403
leaf_weight=0.63850031135370988 3.3165238552519445 0.21274395202453877 2.8866066209739074 0.0060400491929613054 0.0022817963308625613 0.0022817963308625613 0.0026844663079828024
leaf_count=4757 98836 6340 21506 45 68 68 20
internal_value=2.03279e-09 -0.050018 0.050018 0.050018 -0.050018 -0.050018 0.050018
internal_weight=7.06766 3.53383 3.53383 0.647225 0.217308 0.215026 0.00872452
internal_count=131640 105312 26328 4822 6476 6408 65
is_linear=0
shrinkage=0.05


Tree=73
num_leaves=7
num_cat=0
split_feature=1 1 1 11 1 11
split_gain=6.31986 1.33227e-15 1.33227e-15 4.44089e-16 2.22045e-16 1.11022e-16
threshold=1.5000000000000002 4.5000000000000009 3.5000000000000004 0.84668192267417919 2.5000000000000004 0.77688786387443554
decision_type=2 2 2 2 2 2
left_child=3 2 4 -1 -2 -3
right_child=1 5 -4 -5 -6 -7
leaf_value=0.050016296728206594 -0.050016298383415425 -0.050016299795267796 -0.050016296049044173 0.050016296728206094 -0.05001629929810586 -0.050016299795226149
leaf_weight=3.0729515163693581 0.94379798270529203 0.76843554852166551 0.87634145127958607 0.084919971646740922 0.56809806750970893 0.0011985337805526788
leaf_count=25620 26328 26287 26328 708 26328 41
internal_value=-1.51654e-09 -0.0500163 -0.0500163 0.0500163 -0.0500163 -0.0500163
internal_weight=6.31574 3.15787 2.38824 3.15787 1.5119 0.769634
internal_count=131640 105312 78984 26328 52656 26328
is_linear=0
shrinkage=0.05


Tree=74
num_leaves=10
num_cat=0
split_feature=1 1 12 1 4 4 4 4 9
split_gain=5.64798 8.88178e-16 8.88178e-16 4.44089e-16 2.22045e-16 2.22045e-16 1.11022e-16 1.11022e-16 1.11022e-16
threshold=1.5000000000000002 2.5000000000000004 0.58947044610977184 4.5000000000000009 234.00000000000003 145.50000000000003 176.50000000000003 181.50000000000003 18.500000000000004
decision_type=2 2 2 2 2 2 2 2 2
left_child=2 6 8 4 5 -3 -2 -5 -1
right_child=1 3 -4 7 -6 -7 -8 -9 -10
leaf_value=0.050014748931177369 -0.050014750114997453 -0.050014747814778562 0.050014748931177577 -0.050014749573682606 -0.050014747814735021 -0.05001474781475547 -0.050014750114960399 -0.050014749573633624 0.050014748931177515
leaf_weight=0.28075327826809404 0.84216737503447836 1.2872805011429584 2.0092243965555099 0.68683629379484035 0.0012748749868479728 0.0024026490136749281 0.0013456223750836207 0.0010189286567765512 0.53234852229070384
leaf_count=2619 26286 52506 18743 26289 52 98 42 39 4966
internal_value=-4.2421e-10 -0.0500147 0.0500147 -0.0500147 -0.0500147 -0.0500147 -0.0500148 -0.0500147 0.0500147
internal_weight=5.64465 2.82233 2.82233 1.97881 1.29096 1.28968 0.843513 0.687855 0.813102
internal_count=131640 105312 26328 78984 52656 52604 26328 26328 7585
is_linear=0
shrinkage=0.05


Tree=75
num_leaves=8
num_cat=0
split_feature=1 1 1 4 6 6 12
split_gain=5.04853 3.55271e-15 1.9984e-15 4.44089e-16 4.44089e-16 2.22045e-16 1.38778e-17
threshold=1.5000000000000002 3.5000000000000004 4.5000000000000009 234.00000000000003 29.500000000000004 18.500000000000004 0.9152941405773164
decision_type=2 2 2 2 2 2 2
left_child=3 4 -3 -1 5 -2 -7
right_child=1 2 -4 -5 -6 6 -8
leaf_value=0.05001334062955165 -0.050013347371233911 -0.050013341713885884 -0.050013345622573403 0.050013340629533845 -0.050013347371213081 -0.050013347372267397 -0.050013347296360547
leaf_weight=2.5204284355713757 1.1287128316143933 0.70013593723706413 0.6148841647664085 0.0024914888344936817 0.0026609765154718126 0.075482752232346795 0.0010432620401843442
leaf_count=26302 49204 26328 26328 26 116 3294 42
internal_value=-2.37276e-09 -0.0500133 -0.0500133 0.0500133 -0.0500133 -0.0500133 -0.0500133
internal_weight=5.04584 2.52292 1.31502 2.52292 1.2079 1.20524 0.076526
internal_count=131640 105312 52656 26328 52656 52540 3336
is_linear=0
shrinkage=0.05


Tree=76
num_leaves=13
num_cat=0
split_feature=1 1 1 1 10 4 4 10 11 11 11 4
split_gain=4.51315 4.88498e-15 3.10862e-15 8.88178e-16 4.44089e-16 1.11022e-16 5.55112e-17 2.77556e-17 3.46945e-18 1.73472e-18 1.73472e-18 4.33681e-19
threshold=1.5000000000000002 3.5000000000000004 2.5000000000000004 4.5000000000000009 0.25023350119590765 178.50000000000003 115.50000000000001 0.240108497440815 0.54919907450675975 0.41762013733386999 0.2208238020539284 150.50000000000003
decision_type=2 2 2 2 2 2 2 2 2 2 2 2
left_child=4 2 5 -3 7 -2 -4 -1 9 10 -9 -8
right_child=1 3 6 -5 -6 -7 11 8 -10 -11 -12 -13
leaf_value=0.050012077223909594 -0.050012073803441227 -0.050012077393559923 -0.050012068184712391 -0.050012074827339027 0.050012077223909927 -0.050012073803392537 -0.050012068184678377 0.050012077223895716 0.050012077223891685 0.050012077223880735 0.050012077223899887 -0.05001206818466334
leaf_weight=0.18795732776925467 0.67307705021812603 0.62592083185154457 0.40327887363127957 0.54970582532405388 2.0545946179991006 0.0010241586278425521 0.001464114839109242 0.0035124204368912615 0.0027414013165980586 0.001713375822873787 0.0049687898863339797 0.0010171745198022109
leaf_count=2194 26288 26328 26167 26328 23983 40 95 41 32 20 58 66
internal_value=5.3082e-10 -0.0500121 -0.0500121 -0.0500121 0.0500121 -0.0500121 -0.0500121 0.0500121 0.0500121 0.0500121 0.0500121 -0.0500121
internal_weight=4.51098 2.25549 1.07986 1.17563 2.25549 0.674101 0.40576 0.200893 0.012936 0.0101946 0.00848121 0.00248129
internal_count=131640 105312 52656 52656 26328 26328 26328 2345 151 119 99 161
is_linear=0
shrinkage=0.05


Tree=77
num_leaves=4
num_cat=0
split_feature=1 1 1
split_gain=4.03513 1.77636e-15 4.44089e-16
threshold=1.5000000000000002 4.5000000000000009 3.5000000000000004
decision_type=2 2 2
left_child=-1 2 -2
right_child=1 -3 -4
leaf_value=0.050010923657973987 -0.050010925668354238 -0.050010922600175062 -0.050010927537419883
leaf_weight=2.0166836457210593 0.96552880507078975 0.49150463141268108 0.55965016134723555
leaf_count=26328 52656 26328 26328
internal_value=-2.96839e-10 -0.0500109 -0.0500109
internal_weight=4.03337 2.01668 1.52518
internal_count=131640 105312 78984
is_linear=0
shrinkage=0.05


Tree=78
num_leaves=4
num_cat=0
split_feature=1 1 11
split_gain=3.60841 6.66134e-16 2.22045e-16
threshold=1.5000000000000002 4.5000000000000009 0.22997711598873141
decision_type=2 2 2
left_child=2 -2 -1
right_child=1 -3 -4
leaf_value=0.05000988347694018 -0.050009884786974872 -0.050009882135648179 0.050009883476940235
leaf_weight=0.71521873195160912 1.3639476163953075 0.43954618446878146 1.0882750689124803
leaf_count=10441 78984 26328 15887
internal_value=-3.31928e-10 -0.0500099 0.0500099
internal_weight=3.60699 1.80349 1.80349
internal_count=131640 105312 26328
is_linear=0
shrinkage=0.05


Tree=79
num_leaves=9
num_cat=0
split_feature=1 4 4 4 4 4 9 4
split_gain=3.22711 2.22045e-16 2.22045e-16 2.22045e-16 2.22045e-16 2.22045e-16 2.22045e-16 4.33681e-19
threshold=1.5000000000000002 232.50000000000003 153.50000000000003 250.00000000000003 146.50000000000003 124.50000000000001 101.50000000000001 133.50000000000003
decision_type=2 2 2 2 2 2 2 2
left_child=1 2 -1 4 5 6 -2 -7
right_child=3 -3 -4 -5 -6 7 -8 -9
leaf_value=0.050008948757880312 -0.050008945046019597 0.050008948757846776 0.050008948757852882 -0.050008945045971899 -0.050008945046003117 -0.050008945045978408 -0.050008945045981835 -0.050008945045988198
leaf_weight=1.6093024291621985 1.6040337559898024 0.0016541482254980302 0.0020217367200531236 0.0011640303018795031 0.0033695614001773002 0.0013478245600709862 0.0014703540655319749 0.0015928835709928535
leaf_count=26268 104728 27 33 76 220 88 96 104
internal_value=3.71133e-10 0.0500089 0.0500089 -0.0500089 -0.0500089 -0.0500089 -0.0500089 -0.0500089
internal_weight=3.22596 1.61298 1.61132 1.61298 1.61181 1.60844 1.6055 0.00294071
internal_count=131640 26328 26301 105312 105236 105016 104824 192
is_linear=0
shrinkage=0.05


end of trees

feature_importances:
Column_1=258
Column_11=186
Column_4=138
Column_15=79
Column_12=42
Column_14=39
Column_9=27
Column_10=19
Column_5=10
Column_8=4
Column_6=2
Column_20=2
Column_2=1
Column_7=1

parameters:
[boosting: gbdt]
[objective: lambdarank]
[metric: ndcg]
[tree_learner: serial]
[device_type: cpu]
[data_sample_strategy: bagging]
[data: ]
[valid: ]
[num_iterations: 80]
[learning_rate: 0.05]
[num_leaves: 31]
[num_threads: 14]
[seed: 42]
[deterministic: 0]
[force_col_wise: 0]
[force_row_wise: 0]
[histogram_pool_size: -1]
[max_depth: -1]
[min_data_in_leaf: 20]
[min_sum_hessian_in_leaf: 0.001]
[bagging_fraction: 1]
[pos_bagging_fraction: 1]
[neg_bagging_fraction: 1]
[bagging_freq: 0]
[bagging_seed: 400]
[bagging_by_query: 0]
[feature_fraction: 1]
[feature_fraction_bynode: 1]
[feature_fraction_seed: 30056]
[extra_trees: 0]
[extra_seed: 12879]
[early_stopping_round: 0]
[early_stopping_min_delta: 0]
[first_metric_only: 0]
[max_delta_step: 0]
[lambda_l1: 0]
[lambda_l2: 0]
[linear_lambda: 0]
[min_gain_to_split: 0]
[drop_rate: 0.1]
[max_drop: 50]
[skip_drop: 0.5]
[xgboost_dart_mode: 0]
[uniform_drop: 0]
[drop_seed: 17869]
[top_rate: 0.2]
[other_rate: 0.1]
[min_data_per_group: 100]
[max_cat_threshold: 32]
[cat_l2: 10]
[cat_smooth: 10]
[max_cat_to_onehot: 4]
[top_k: 20]
[monotone_constraints: ]
[monotone_constraints_method: basic]
[monotone_penalty: 0]
[feature_contri: ]
[forcedsplits_filename: ]
[refit_decay_rate: 0.9]
[cegb_tradeoff: 1]
[cegb_penalty_split: 0]
[cegb_penalty_feature_lazy: ]
[cegb_penalty_feature_coupled: ]
[path_smooth: 0]
[interaction_constraints: ]
[verbosity: -1]
[saved_feature_importance_type: 0]
[use_quantized_grad: 0]
[num_grad_quant_bins: 4]
[quant_train_renew_leaf: 0]
[stochastic_rounding: 1]
[linear_tree: 0]
[max_bin: 255]
[max_bin_by_feature: ]
[min_data_in_bin: 3]
[bin_construct_sample_cnt: 200000]
[data_random_seed: 175]
[is_enable_sparse: 1]
[enable_bundle: 1]
[use_missing: 1]
[zero_as_missing: 0]
[feature_pre_filter: 1]
[pre_partition: 0]
[two_round: 0]
[header: 0]
[label_column: ]
[weight_column: ]
[group_column: ]
[ignore_column: ]
[categorical_feature: ]
[forcedbins_filename: ]
[precise_float_parser: 0]
[parser_config_file: ]
[objective_seed: 16083]
[num_class: 1]
[is_unbalance: 0]
[scale_pos_weight: 1]
[sigmoid: 1]
[boost_from_average: 1]
[reg_sqrt: 0]
[alpha: 0.9]
[fair_c: 1]
[poisson_max_delta_step: 0.7]
[tweedie_variance_power: 1.5]
[lambdarank_truncation_level: 30]
[lambdarank_norm: 1]
[label_gain: ]
[lambdarank_position_bias_regularization: 0]
[eval_at: 1,2,3,4,5]
[multi_error_top_k: 1]
[auc_mu_weights: ]
[num_machines: 1]
[local_listen_port: 12400]
[time_out: 120]
[machine_list_filename: ]
[machines: ]
[gpu_platform_id: -1]
[gpu_device_id: -1]
[gpu_device_id_list: ]
[gpu_use_dp: 0]
[num_gpu: 1]

end of parameters

pandas_categorical:null
